DISTANCE,Z,LINE_ID
0.000000000000000,-254.442500000004657,1
4.998400000855327,-254.139699999999721,1
9.996899999678135,-253.835200000001350,1
14.995300000533462,-253.487800000002608,1
19.993699999526143,-252.972800000003190,1
24.992200000211596,-252.073999999993248,1
29.990599999204278,-251.019000000000233,1
34.989099999889731,-249.935100000002421,1
39.987500000745058,-248.818700000003446,1
44.985899999737740,-247.486600000003818,1
49.984400000423193,-246.129199999995762,1
54.982799999415874,-244.789999999993597,1
59.981200000271201,-243.466799999994691,1
64.979699999094009,-242.150599999993574,1
69.978099999949336,-240.834900000001653,1
74.976600000634789,-239.517099999997299,1
79.974999999627471,-238.196500000005472,1
84.973400000482798,-236.872099999993225,1
89.971899999305606,-235.540399999998044,1
94.970300000160933,-234.195800000001327,1
99.968699999153614,-232.843599999992875,1
104.967199999839067,-231.641399999993155,1
109.965600000694394,-230.457899999993970,1
114.964099999517202,-229.308900000003632,1
119.962500000372529,-228.186400000005960,1
124.960899999365211,-227.047699999995530,1
129.959400000050664,-225.749899999995250,1
134.957800000905991,-224.429099999993923,1
139.956199999898672,-223.083499999993364,1
144.954700000584126,-221.560599999997066,1
149.953099999576807,-220.191699999995762,1
154.951600000262260,-219.233900000006543,1
159.949999999254942,-218.450400000001537,1
164.948400000110269,-217.604600000006030,1
169.946900000795722,-216.482000000003609,1
174.945299999788404,-215.301999999996042,1
179.943700000643730,-214.024000000004889,1
184.942199999466538,-212.269799999994575,1
189.940600000321865,-210.525800000003073,1
194.939099999144673,-209.337299999999232,1
199.937500000000000,-208.254700000004959,1
204.935900000855327,-207.149399999994785,1
209.934399999678135,-206.006399999998393,1
214.932800000533462,-204.832599999994272,1
219.931199999526143,-203.635399999999208,1
224.929700000211596,-202.420199999993201,1
229.928099999204278,-201.190700000006473,1
234.926599999889731,-199.949699999997392,1
239.925000000745058,-198.699399999997695,1
244.923399999737740,-197.441900000005262,1
249.921900000423193,-196.179699999993318,1
254.920299999415874,-194.916299999997136,1
259.918700000271201,-193.654999999998836,1
264.917199999094009,-192.397500000006403,1
269.915599999949336,-191.138600000005681,1
274.914100000634789,-189.870999999999185,1
279.912499999627471,-188.591799999994691,1
284.910900000482798,-187.330199999996694,1
289.909399999305606,-186.219899999996414,1
294.907800000160933,-185.072299999999814,1
299.906199999153614,-183.879100000005565,1
304.904699999839067,-182.657099999996717,1
309.903100000694394,-181.417300000000978,1
314.901599999517202,-180.167700000005425,1
319.900000000372529,-178.917000000001281,1
324.898399999365211,-177.673500000004424,1
329.896900000050664,-176.430800000001909,1
334.895300000905991,-175.182799999995041,1
339.893699999898672,-173.926900000005844,1
344.892200000584126,-172.662299999996321,1
349.890599999576807,-171.385800000003655,1
354.889100000262260,-170.085099999996601,1
359.887499999254942,-168.730500000005122,1
364.885900000110269,-167.305800000001909,1
369.884400000795722,-166.043399999995017,1
374.882799999788404,-164.814599999997881,1
379.881200000643730,-163.584799999996903,1
384.879699999466538,-162.351800000004005,1
389.878100000321865,-161.120399999999790,1
394.876599999144673,-159.890499999994063,1
399.875000000000000,-158.649499999999534,1
404.873400000855327,-157.369500000000698,1
409.871899999678135,-156.022500000006403,1
414.870300000533462,-154.645199999999022,1
419.868699999526143,-153.265400000003865,1
424.867200000211596,-151.888800000000629,1
429.865599999204278,-150.489600000000792,1
434.864099999889731,-149.380900000003749,1
439.862500000745058,-148.188099999999395,1
444.860899999737740,-146.902199999996810,1
449.859400000423193,-146.042799999995623,1
454.857799999415874,-145.129799999995157,1
459.856200000271201,-144.146299999993062,1
464.854699999094009,-143.115999999994528,1
469.853099999949336,-142.054199999998673,1
474.851600000634789,-140.966499999994994,1
479.849999999627471,-139.830100000006496,1
484.848400000482798,-138.686600000000908,1
489.846899999305606,-137.546300000001793,1
494.845300000160933,-136.406300000002375,1
499.843699999153614,-135.260399999999208,1
504.842199999839067,-134.104399999996531,1
509.840600000694394,-132.939599999997881,1
514.839099999517202,-131.777300000001560,1
519.837500000372529,-130.635200000004261,1
524.835899999365211,-129.530499999993481,1
529.834400000050664,-128.465599999995902,1
534.832800000905991,-127.376499999998487,1
539.831199999898672,-125.998800000001211,1
544.829700000584126,-124.561600000000908,1
549.828099999576807,-123.110799999994924,1
554.826600000262260,-121.726599999994505,1
559.824999999254942,-121.876499999998487,1
564.823400000110269,-120.264800000004470,1
569.821900000795722,-118.885899999993853,1
574.820299999788404,-117.504799999995157,1
579.818700000643730,-116.143299999996088,1
584.817199999466538,-114.784799999993993,1
589.815600000321865,-113.383700000005774,1
594.814099999144673,-111.963600000002771,1
599.812500000000000,-110.537899999995716,1
604.810900000855327,-109.108099999997648,1
609.809399999678135,-107.675700000007055,1
614.807800000533462,-106.271999999997206,1
619.806199999526143,-105.028999999994994,1
624.804700000211596,-103.824900000006892,1
629.803099999204278,-102.635399999999208,1
634.801599999889731,-101.478000000002794,1
639.800000000745058,-100.306700000001001,1
644.798399999737740,-99.090500000005704,1
649.796900000423193,-97.868400000006659,1
654.795299999415874,-96.686900000000605,1
659.793700000271201,-95.562799999999697,1
664.792199999094009,-94.461599999995087,1
669.790599999949336,-93.357000000003609,1
674.789100000634789,-92.247700000007171,1
679.787499999627471,-91.136400000003050,1
684.785900000482798,-90.067399999999907,1
689.784399999305606,-89.044299999994109,1
694.782800000160933,-87.632100000002538,1
699.781199999153614,-86.212100000004284,1
704.779699999839067,-84.819900000002235,1
709.778100000694394,-83.452499999999418,1
714.776599999517202,-82.129300000000512,1
719.775000000372529,-80.857399999993504,1
724.773399999365211,-79.683099999994738,1
729.771900000050664,-78.554000000003725,1
734.770300000905991,-77.444099999993341,1
739.768699999898672,-76.355700000000070,1
744.767200000584126,-75.276500000007218,1
749.765599999576807,-74.188899999993737,1
754.764100000262260,-73.072499999994761,1
759.762499999254942,-71.938899999993737,1
764.760900000110269,-70.795499999992899,1
769.759400000795722,-69.643400000000838,1
774.757799999788404,-68.481499999994412,1
779.756200000643730,-67.321200000005774,1
784.754699999466538,-66.278399999995600,1
789.753100000321865,-65.257700000001932,1
794.751599999144673,-63.829100000002654,1
799.750000000000000,-62.365300000004936,1
804.748400000855327,-60.921700000006240,1
809.746899999678135,-59.526599999997416,1
814.745300000533462,-58.157999999995809,1
819.743699999526143,-56.809200000003329,1
824.742200000211596,-55.484400000001187,1
829.740599999204278,-54.180900000006659,1
834.739099999889731,-52.866999999998370,1
839.737500000745058,-51.494300000005751,1
844.735899999737740,-50.031600000002072,1
849.734400000423193,-48.455300000001444,1
854.732799999415874,-46.719100000002072,1
859.731200000271201,-44.823399999993853,1
864.729699999094009,-42.551900000005844,1
869.728099999949336,-41.399399999994785,1
874.726600000634789,-40.234400000001187,1
879.724999999627471,-38.954100000002654,1
884.723400000482798,-37.582299999994575,1
889.721899999305606,-36.160699999993085,1
894.720300000160933,-34.756999999997788,1
899.718699999153614,-33.428599999999278,1
904.717199999839067,-32.110000000000582,1
909.715600000694394,-30.786200000002282,1
914.714099999517202,-29.497499999997672,1
919.712500000372529,-28.465100000001257,1
924.710899999365211,-27.285099999993690,1
929.709400000050664,-25.985599999999977,1
934.707800000905991,-24.645000000004075,1
939.706199999898672,-23.328599999993457,1
944.704700000584126,-22.146599999992759,1
949.703099999576807,-20.981599999999162,1
954.701600000262260,-19.667100000006030,1
959.699999999254942,-18.318499999993946,1
964.698400000110269,-16.971099999995204,1
969.696900000795722,-15.623399999996764,1
974.695299999788404,-14.270199999999022,1
979.693700000643730,-12.912500000005821,1
984.692199999466538,-11.562999999994645,1
989.690600000321865,-10.245599999994738,1
994.689099999144673,-8.996899999998277,1
999.687500000000000,-7.872399999992922,1
1004.685900000855327,-6.818199999994249,1
1009.684399999678135,-5.741999999998370,1
1014.682800000533462,-4.355299999995623,1
1019.681199999526143,-2.910300000003190,1
1024.679700000211596,-1.488800000006449,1
1029.678099999204278,-0.092000000004191,1
1034.676599999889731,1.298399999999674,1
1039.675000000745058,2.707200000004377,1
1044.673399999737740,4.156799999997020,1
1049.671900000423193,5.634500000000116,1
1054.670299999415874,7.126000000003842,1
1059.668700000271201,8.625499999994645,1
1064.667199999094009,10.131899999993038,1
1069.665599999949336,11.640599999998813,1
1074.664100000634789,13.136599999997998,1
1079.662499999627471,14.589300000006915,1
1084.660900000482798,15.967499999998836,1
1089.659399999305606,17.308499999999185,1
1094.657800000160933,18.657900000005611,1
1099.656199999153614,20.051800000001094,1
1104.654699999839067,21.513500000000931,1
1109.653100000694394,22.956500000000233,1
1114.651599999517202,23.399499999999534,1
1119.650000000372529,23.775800000003073,1
1124.648399999365211,24.018599999995786,1
1129.646900000050664,23.999400000000605,1
1134.645300000905991,23.778800000000047,1
1139.643699999898672,25.661600000006729,1
1144.642200000584126,27.870100000000093,1
1149.640599999576807,30.007100000002538,1
1154.639100000262260,32.022700000001350,1
1159.637499999254942,33.929699999993318,1
1164.635900000110269,35.738200000007055,1
1169.634400000795722,37.348400000002584,1
1174.632799999788404,38.360300000000279,1
1179.631200000643730,39.692599999994854,1
1184.629699999466538,41.868499999996857,1
1189.628100000321865,43.669699999998556,1
1194.626599999144673,45.648199999995995,1
1199.625000000000000,47.457500000004075,1
1204.623400000855327,48.983800000001793,1
1209.621899999678135,50.386899999997695,1
1214.620300000533462,51.770300000003772,1
1219.618699999526143,53.226800000004005,1
1224.617200000211596,54.731899999998859,1
1229.615599999204278,56.004300000000512,1
1234.614099999889731,57.163700000004610,1
1239.612500000745058,58.314700000002631,1
1244.610899999737740,59.493499999996857,1
1249.609400000423193,60.703800000002957,1
1254.607799999415874,61.938299999994342,1
1259.606200000271201,63.186199999996461,1
1264.604699999094009,64.435400000002119,1
1269.603099999949336,65.671900000001187,1
1274.601600000634789,66.891699999992852,1
1279.599999999627471,68.162400000001071,1
1284.598400000482798,69.588600000002771,1
1289.596899999305606,71.029500000004191,1
1294.595300000160933,72.422999999995227,1
1299.593699999153614,73.748800000001211,1
1304.592199999839067,75.001600000003236,1
1309.590600000694394,76.201499999995576,1
1314.589099999517202,77.476500000004307,1
1319.587500000372529,79.247600000002421,1
1324.585899999365211,80.655100000003586,1
1329.584400000050664,81.901100000002771,1
1334.582800000905991,83.120500000004540,1
1339.581199999898672,84.353700000006938,1
1344.579700000584126,85.607300000003306,1
1349.578099999576807,86.877999999996973,1
1354.576600000262260,88.161600000006729,1
1359.574999999254942,89.455600000001141,1
1364.573400000110269,90.761799999992945,1
1369.571900000795722,92.088099999993574,1
1374.570299999788404,93.454700000002049,1
1379.568700000643730,94.900699999998324,1
1384.567199999466538,96.449299999992945,1
1389.565600000321865,97.595400000005611,1
1394.564099999144673,98.794500000003609,1
1399.562500000000000,100.072700000004261,1
1404.560900000855327,101.388399999996182,1
1409.559399999678135,102.715299999996205,1
1414.557800000533462,104.039099999994505,1
1419.556199999526143,105.350300000005518,1
1424.554700000211596,106.642300000006799,1
1429.553099999204278,107.912700000000768,1
1434.551599999889731,109.169899999993504,1
1439.550000000745058,110.440900000001420,1
1444.548399999737740,111.771099999998114,1
1449.546900000423193,113.123800000001211,1
1454.545299999415874,114.469100000002072,1
1459.543700000271201,115.790800000002491,1
1464.542199999094009,117.077300000004470,1
1469.540599999949336,118.324299999992945,1
1474.539100000634789,119.555800000001909,1
1479.537499999627471,120.847500000003492,1
1484.535900000482798,122.122199999997974,1
1489.534399999305606,123.327600000004168,1
1494.532800000160933,124.430900000006659,1
1499.531199999153614,125.446100000001024,1
1504.529699999839067,127.100300000005518,1
1509.528100000694394,128.749299999995856,1
1514.526599999517202,130.309599999993225,1
1519.525000000372529,131.810800000006566,1
1524.523399999365211,133.272500000006403,1
1529.521900000050664,134.702300000004470,1
1534.520300000905991,136.099700000006123,1
1539.518699999898672,137.456399999995483,1
1544.517200000584126,138.757400000002235,1
1549.515599999576807,139.998500000001513,1
1554.514100000262260,141.248900000005960,1
1559.512499999254942,142.843699999997625,1
1564.510900000110269,144.495299999995041,1
1569.509400000795722,146.104800000000978,1
1574.507799999788404,147.669299999994109,1
1579.506200000643730,149.178700000004028,1
1584.504699999466538,150.551600000006147,1
1589.503100000321865,151.900200000003679,1
1594.501599999144673,153.297600000005332,1
1599.500000000000000,154.756899999993038,1
1604.498400000855327,156.286500000001979,1
1609.496899999678135,157.879600000000210,1
1614.495300000533462,159.538799999994808,1
1619.493699999526143,161.237500000002910,1
1624.492200000211596,162.922999999995227,1
1629.490599999204278,164.377500000002328,1
1634.489099999889731,164.922900000005029,1
1639.487500000745058,166.298999999999069,1
1644.485899999737740,167.758199999996577,1
1649.484400000423193,169.207699999999022,1
1654.482799999415874,170.745599999994738,1
1659.481200000271201,172.343500000002678,1
1664.479699999094009,173.922900000005029,1
1669.478099999949336,175.203500000003260,1
1674.476600000634789,176.419999999998254,1
1679.474999999627471,177.666400000001886,1
1684.473400000482798,178.953699999998207,1
1689.471899999305606,180.284700000003795,1
1694.470300000160933,181.671300000001793,1
1699.468699999153614,183.130000000004657,1
1704.467199999839067,184.668499999999767,1
1709.465600000694394,186.297399999995832,1
1714.464099999517202,188.020900000003166,1
1719.462500000372529,189.768500000005588,1
1724.460899999365211,191.269000000000233,1
1729.459400000050664,192.735899999999674,1
1734.457800000905991,194.247799999997369,1
1739.456199999898672,195.776700000002165,1
1744.454700000584126,197.253500000006170,1
1749.453099999576807,198.685500000006869,1
1754.451600000262260,200.097599999993690,1
1759.449999999254942,201.502099999997881,1
1764.448400000110269,202.900899999993271,1
1769.446900000795722,204.291700000001583,1
1774.445299999788404,205.671499999996740,1
1779.443700000643730,207.037800000005518,1
1784.442199999466538,208.387799999996787,1
1789.440600000321865,209.718999999997322,1
1794.439099999144673,211.029299999994691,1
1799.437500000000000,212.321299999995972,1
1804.435900000855327,213.610199999995530,1
1809.434399999678135,214.925600000002305,1
1814.432800000533462,216.232199999998556,1
1819.431199999526143,217.505600000004051,1
1824.429700000211596,218.765299999999115,1
1829.428099999204278,220.119699999995646,1
1834.426599999889731,221.576400000005378,1
1839.425000000745058,223.087700000003679,1
1844.423399999737740,224.653800000000047,1
1849.421900000423193,226.229200000001583,1
1854.420299999415874,227.787700000000768,1
1859.418700000271201,229.324299999992945,1
1864.417199999094009,230.842499999998836,1
1869.415599999949336,232.348599999997532,1
1874.414100000634789,233.851800000004005,1
1879.412499999627471,235.364100000006147,1
1884.410900000482798,236.869699999995646,1
1889.409399999305606,238.353600000002189,1
1894.407800000160933,239.816800000000512,1
1899.406199999153614,241.263000000006286,1
1904.404699999839067,242.701400000005378,1
1909.403100000694394,244.159400000004098,1
1914.401599999517202,245.687900000004447,1
1919.400000000372529,247.247300000002724,1
1924.398399999365211,248.803700000004028,1
1929.396900000050664,250.341400000004796,1
1934.395300000905991,251.850699999995413,1
1939.393699999898672,253.325899999996182,1
1944.392200000584126,254.763600000005681,1
1949.390599999576807,256.160600000002887,1
1954.389100000262260,257.518599999995786,1
1959.387499999254942,258.912899999995716,1
1964.385900000110269,260.292499999995925,1
1969.384400000795722,261.660499999998137,1
1974.382799999788404,263.028699999995297,1
1979.381200000643730,264.362500000002910,1
1984.379699999466538,265.470100000005914,1
1989.378100000321865,266.543600000004517,1
1994.376599999144673,267.687900000004447,1
1999.375000000000000,268.926600000006147,1
2004.373400000855327,269.759799999999814,1
2009.371899999678135,271.277100000006612,1
2014.370300000533462,273.049299999998766,1
2019.368699999526143,274.793499999999767,1
2024.367200000211596,276.469200000006822,1
2029.365599999204278,278.093099999998230,1
2034.364099999889731,279.677700000000186,1
2039.362500000745058,281.226999999998952,1
2044.360899999737740,282.757100000002538,1
2049.359400000423193,284.281300000002375,1
2054.357799999415874,285.804499999998370,1
2059.356200000271201,287.325899999996182,1
2064.354699999094009,288.843200000002980,1
2069.353099999949336,290.354699999996228,1
2074.351600000634789,291.860100000005332,1
2079.349999999627471,293.356199999994715,1
2084.348400000482798,294.811400000005960,1
2089.346899999305606,296.098499999992782,1
2094.345300000160933,297.339999999996508,1
2099.343699999153614,298.611000000004424,1
2104.342199999839067,299.918200000000070,1
2109.340600000694394,301.244399999995949,1
2114.339099999517202,302.577900000003865,1
2119.337500000372529,303.949200000002747,1
2124.335899999365211,305.517999999996391,1
2129.334400000050664,307.159499999994296,1
2134.332800000905991,308.827699999994365,1
2139.331199999898672,310.530299999998533,1
2144.329700000584126,312.248699999996461,1
2149.328099999576807,313.950500000006286,1
2154.326600000262260,315.607000000003609,1
2159.324999999254942,317.225500000000466,1
2164.323400000110269,318.753700000001118,1
2169.321900000795722,320.197000000000116,1
2174.320299999788404,321.613500000006752,1
2179.318700000643730,323.038400000004913,1
2184.317199999466538,324.481799999994109,1
2189.315600000321865,325.943499999993946,1
2194.314099999144673,327.420400000002701,1
2199.312500000000000,328.909400000004098,1
2204.310900000855327,330.405899999997928,1
2209.309399999678135,331.903200000000652,1
2214.307800000533462,333.389999999999418,1
2219.306199999526143,334.847399999998743,1
2224.304700000211596,336.246100000003935,1
2229.303099999204278,337.576700000005076,1
2234.301599999889731,339.226899999994203,1
2239.300000000745058,340.866500000003725,1
2244.298399999737740,342.428400000004331,1
2249.296900000423193,343.918200000000070,1
2254.295299999415874,345.321700000000419,1
2259.293700000271201,346.671600000001490,1
2264.292199999094009,347.991500000003725,1
2269.290599999949336,349.285900000002584,1
2274.289100000634789,350.546799999996438,1
2279.287499999627471,351.757100000002538,1
2284.285900000482798,352.917700000005425,1
2289.284399999305606,354.334099999992759,1
2294.282800000160933,355.758100000006380,1
2299.281199999153614,357.137900000001537,1
2304.279699999839067,358.492199999993318,1
2309.278100000694394,359.873300000006566,1
2314.276599999517202,361.456500000000233,1
2319.275000000372529,363.100500000000466,1
2324.273399999365211,364.728199999997742,1
2329.271900000050664,366.315100000007078,1
2334.270300000905991,367.836800000004587,1
2339.268699999898672,369.267099999997299,1
2344.267200000584126,370.632800000006682,1
2349.265599999576807,371.968299999993178,1
2354.264100000262260,373.294999999998254,1
2359.262499999254942,374.623600000006263,1
2364.260900000110269,375.961999999999534,1
2369.259400000795722,377.321400000000722,1
2374.257799999788404,378.720799999995506,1
2379.256200000643730,380.180800000001909,1
2384.254699999466538,381.689400000002934,1
2389.253100000321865,383.230100000000675,1
2394.251599999144673,384.790800000002491,1
2399.250000000000000,386.310899999996764,1
2404.248400000855327,387.835300000006100,1
2409.246899999678135,389.375299999999697,1
2414.245300000533462,390.931400000001304,1
2419.243699999526143,392.505799999998999,1
2424.242200000211596,394.098299999997835,1
2429.240599999204278,395.680800000001909,1
2434.239099999889731,397.117499999993015,1
2439.237500000745058,398.365799999999581,1
2444.235899999737740,399.575700000001234,1
2449.234400000423193,400.846199999999953,1
2454.232799999415874,402.267000000007101,1
2459.231200000271201,403.772299999996903,1
2464.229699999094009,405.280400000003283,1
2469.228099999949336,406.741999999998370,1
2474.226600000634789,408.123099999997066,1
2479.224999999627471,409.442800000004354,1
2484.223400000482798,410.745200000004843,1
2489.221899999305606,412.105999999999767,1
2494.220300000160933,413.641699999992852,1
2499.218699999153614,415.285699999993085,1
2504.217199999839067,416.968399999997928,1
2509.215600000694394,418.546199999997043,1
2514.214099999517202,420.110599999999977,1
2519.212500000372529,421.688299999994342,1
2524.210899999365211,423.277300000001560,1
2529.209400000050664,424.873800000001211,1
2534.207800000905991,426.472800000003190,1
2539.206199999898672,428.070399999996880,1
2544.204700000584126,429.665399999998044,1
2549.203099999576807,431.260200000004261,1
2554.201600000262260,432.861000000004424,1
2559.199999999254942,434.480500000005122,1
2564.198400000110269,436.115799999999581,1
2569.196900000795722,437.449299999992945,1
2574.195299999788404,438.745100000000093,1
2579.193700000643730,440.076300000000629,1
2584.192199999466538,441.440499999996973,1
2589.190600000321865,442.838099999993574,1
2594.189099999144673,444.270499999998719,1
2599.187500000000000,445.738599999996950,1
2604.185900000855327,447.244099999996251,1
2609.184399999678135,448.757400000002235,1
2614.182800000533462,450.144100000004983,1
2619.181199999526143,451.514100000000326,1
2624.179700000211596,452.933699999994133,1
2629.178099999204278,454.421300000001793,1
2634.176599999889731,455.959900000001653,1
2639.175000000745058,457.122900000002119,1
2644.173399999737740,458.298299999994924,1
2649.171900000423193,459.600800000000163,1
2654.170299999415874,461.024900000003981,1
2659.168700000271201,462.561400000005960,1
2664.167199999094009,464.205400000006193,1
2669.165599999949336,465.962400000003981,1
2674.164100000634789,467.743499999996857,1
2679.162499999627471,469.112399999998161,1
2684.160900000482798,470.312399999995250,1
2689.159399999305606,471.185800000006566,1
2694.157800000160933,472.067299999995157,1
2699.156199999153614,473.166800000006333,1
2704.154699999839067,474.441900000005262,1
2709.153100000694394,475.805399999997462,1
2714.151599999517202,477.172300000005635,1
2719.150000000372529,478.563599999994040,1
2724.148399999365211,479.958299999998417,1
2729.146900000050664,481.244600000005448,1
2734.145300000905991,482.483999999996740,1
2739.143699999898672,483.753100000001723,1
2744.142200000584126,485.118300000001909,1
2749.140599999576807,486.660300000003190,1
2754.139100000262260,488.160699999993085,1
2759.137499999254942,489.690199999997276,1
2764.135900000110269,491.297900000005029,1
2769.134400000795722,492.774300000004587,1
2774.132799999788404,494.257299999997485,1
2779.131200000643730,495.693400000003749,1
2784.129699999466538,497.110199999995530,1
2789.128100000321865,498.486300000004121,1
2794.126599999144673,499.746199999994133,1
2799.125000000000000,500.969800000006217,1
2804.123400000855327,502.250700000004144,1
2809.121899999678135,503.640700000003562,1
2814.120300000533462,505.047900000005029,1
2819.118699999526143,506.484899999995832,1
2824.117200000211596,507.895999999993364,1
2829.115599999204278,509.295899999997346,1
2834.114099999889731,510.713099999993574,1
2839.112500000745058,512.159799999993993,1
2844.110899999737740,513.626099999994040,1
2849.109400000423193,515.049799999993411,1
2854.107799999415874,516.268700000000536,1
2859.106200000271201,517.408899999994901,1
2864.104699999094009,518.535000000003492,1
2869.103099999949336,519.647599999996601,1
2874.101600000634789,520.778300000005402,1
2879.099999999627471,522.127900000006775,1
2884.098400000482798,523.521500000002561,1
2889.096899999305606,524.852400000003399,1
2894.095300000160933,526.090899999995600,1
2899.093699999153614,527.263099999996484,1
2904.092199999839067,528.695300000006682,1
2909.090600000694394,530.434999999997672,1
2914.089099999517202,532.187399999995250,1
2919.087500000372529,533.769499999994878,1
2924.085899999365211,535.266699999992852,1
2929.084400000050664,536.700500000006286,1
2934.082800000905991,538.050700000007055,1
2939.081199999898672,539.411099999997532,1
2944.079700000584126,540.844299999997020,1
2949.078099999576807,542.292100000006030,1
2954.076600000262260,543.705199999996694,1
2959.074999999254942,545.248999999996158,1
2964.073400000110269,546.789799999998650,1
2969.071900000795722,548.275800000003073,1
2974.070299999788404,549.640100000004168,1
2979.068700000643730,550.954800000006799,1
2984.067199999466538,552.249899999995250,1
2989.065600000321865,553.478400000007241,1
2994.064099999144673,554.674199999994016,1
2999.062500000000000,555.858999999996740,1
3004.060900000855327,557.068400000003749,1
3009.059399999678135,558.438299999994342,1
3014.057800000533462,559.864300000001094,1
3019.056199999526143,561.270199999999022,1
3024.054700000211596,562.632199999992736,1
3029.053099999204278,563.949500000002445,1
3034.051599999889731,565.253899999996065,1
3039.050000000745058,566.654500000004191,1
3044.048399999737740,568.077900000003865,1
3049.046900000423193,569.354900000005728,1
3054.045299999415874,570.559699999997974,1
3059.043700000271201,572.054600000003120,1
3064.042199999094009,573.553299999999581,1
3069.040599999949336,574.921799999996438,1
3074.039100000634789,576.084700000006706,1
3079.037499999627471,577.691600000005565,1
3084.035900000482798,579.253500000006170,1
3089.034399999305606,580.719800000006217,1
3094.032800000160933,582.184500000003027,1
3099.031199999153614,583.659499999994296,1
3104.029699999839067,584.972299999993993,1
3109.028100000694394,586.278200000000652,1
3114.026599999517202,587.624599999995553,1
3119.025000000372529,588.829500000007101,1
3124.023399999365211,590.067399999999907,1
3129.021900000050664,591.412899999995716,1
3134.020300000905991,592.853499999997439,1
3139.018699999898672,594.344700000001467,1
3144.017200000584126,595.835300000006100,1
3149.015599999576807,597.266799999997602,1
3154.014100000262260,598.679000000003725,1
3159.012499999254942,600.091000000000349,1
3164.010900000110269,601.376999999993131,1
3169.009400000795722,602.683600000003935,1
3174.007799999788404,603.531700000006822,1
3179.006200000643730,604.154399999999441,1
3184.004699999466538,605.629499999995460,1
3189.003100000321865,607.301900000005844,1
3194.001599999144673,608.945699999996577,1
3199.000000000000000,610.565799999996671,1
3203.998400000855327,612.166899999996531,1
3208.996899999678135,613.755600000004051,1
3213.995300000533462,615.341899999999441,1
3218.993699999526143,616.934599999993225,1
3223.992200000211596,618.513500000000931,1
3228.990599999204278,619.953399999998510,1
3233.989099999889731,621.365999999994528,1
3238.987500000745058,622.812600000004750,1
3243.985899999737740,624.289099999994505,1
3248.984400000423193,625.779399999999441,1
3253.982799999415874,627.269700000004377,1
3258.981200000271201,628.749100000000908,1
3263.979699999094009,630.206399999995483,1
3268.978099999949336,631.627800000002026,1
3273.976600000634789,632.996199999994133,1
3278.974999999627471,634.302999999999884,1
3283.973400000482798,635.551800000001094,1
3288.971899999305606,636.813399999999092,1
3293.970300000160933,638.364600000000792,1
3298.968699999153614,640.003200000006473,1
3303.967199999839067,641.568899999998393,1
3308.965600000694394,643.006699999998091,1
3313.964099999517202,644.347399999998743,1
3318.962500000372529,645.638500000000931,1
3323.960899999365211,646.910699999993085,1
3328.959400000050664,648.179199999998673,1
3333.957800000905991,649.451300000000629,1
3338.956199999898672,650.729800000000978,1
3343.954700000584126,652.016199999998207,1
3348.953099999576807,653.310400000002119,1
3353.951600000262260,654.611300000004121,1
3358.949999999254942,655.917300000000978,1
3363.948400000110269,657.225900000004913,1
3368.946900000795722,658.533899999994901,1
3373.945299999788404,659.837700000003679,1
3378.943700000643730,661.132199999992736,1
3383.942199999466538,662.410600000002887,1
3388.940600000321865,663.664099999994505,1
3393.939099999144673,664.890599999998813,1
3398.937500000000000,666.204700000002049,1
3403.935900000855327,667.523900000000140,1
3408.934399999678135,668.818299999998999,1
3413.932800000533462,670.095700000005309,1
3418.931199999526143,671.362500000002910,1
3423.929700000211596,672.622499999997672,1
3428.928099999204278,673.877800000002026,1
3433.926599999889731,675.130199999999604,1
3438.925000000745058,676.380699999994249,1
3443.923399999737740,677.630000000004657,1
3448.921900000423193,678.877999999996973,1
3453.920299999415874,680.124299999995856,1
3458.918700000271201,681.368799999996554,1
3463.917199999094009,682.611300000004121,1
3468.915599999949336,683.851899999994203,1
3473.914100000634789,685.090700000000652,1
3478.912499999627471,686.328200000003562,1
3483.910900000482798,687.565199999997276,1
3488.909399999305606,688.803299999999581,1
3493.907800000160933,690.046100000006845,1
3498.906199999153614,691.301900000005844,1
3503.904699999839067,692.586999999999534,1
3508.903100000694394,693.922900000005029,1
3513.901599999517202,695.321400000000722,1
3518.900000000372529,696.741599999993923,1
3523.898399999365211,698.035999999992782,1
3528.896900000050664,699.282699999996112,1
3533.895300000905991,700.546199999997043,1
3538.893699999898672,701.842999999993481,1
3543.892200000584126,703.185200000007171,1
3548.890599999576807,704.542199999996228,1
3553.889100000262260,705.885200000004261,1
3558.887499999254942,707.222399999998743,1
3563.885900000110269,708.555500000002212,1
3568.884400000795722,709.801600000006147,1
3573.882799999788404,710.675900000002002,1
3578.881200000643730,711.920299999997951,1
3583.879699999466538,713.477899999998044,1
3588.878100000321865,714.790299999993294,1
3593.876599999144673,716.055200000002515,1
3598.875000000000000,717.334199999997509,1
3603.873400000855327,718.452099999994971,1
3608.871899999678135,719.368100000006962,1
3613.870300000533462,720.679199999998673,1
3618.868699999526143,722.023499999995693,1
3623.867200000211596,723.336599999995087,1
3628.865599999204278,724.636899999997695,1
3633.864099999889731,725.890100000004168,1
3638.862500000745058,727.123399999996764,1
3643.860899999737740,728.358999999996740,1
3648.859400000423193,729.603799999997136,1
3653.857799999415874,730.864000000001397,1
3658.856200000271201,732.137100000007194,1
3663.854699999094009,733.382800000006682,1
3668.853099999949336,734.624200000005658,1
3673.851600000634789,735.870999999999185,1
3678.849999999627471,737.080000000001746,1
3683.848400000482798,738.067100000000210,1
3688.846899999305606,738.939299999998184,1
3693.845300000160933,739.772899999996298,1
3698.843699999153614,740.602499999993597,1
3703.842199999839067,741.632700000001932,1
3708.840600000694394,742.718699999997625,1
3713.839099999517202,743.772700000001350,1
3718.837500000372529,744.794899999993504,1
3723.835899999365211,745.792000000001281,1
3728.834400000050664,746.760800000003655,1
3733.832800000905991,747.699099999997998,1
3738.831199999898672,748.610499999995227,1
3743.829700000584126,749.453099999998813,1
3748.828099999576807,750.287200000006123,1
3753.826600000262260,751.164199999999255,1
3758.824999999254942,752.152499999996508,1
3763.823400000110269,753.473599999997532,1
3768.821900000795722,754.959900000001653,1
3773.820299999788404,756.516600000002654,1
3778.818700000643730,757.997000000003027,1
3783.817199999466538,759.554199999998673,1
3788.815600000321865,760.660300000003190,1
3793.814099999144673,761.722099999999045,1
3798.812500000000000,762.911800000001676,1
3803.810900000855327,764.217799999998533,1
3808.809399999678135,765.590200000006007,1
3813.807800000533462,767.021500000002561,1
3818.806199999526143,767.825100000001839,1
3823.804700000211596,768.487899999992806,1
3828.803099999204278,769.293999999994412,1
3833.801599999889731,770.431400000001304,1
3838.800000000745058,771.519299999999930,1
3843.798399999737740,772.443400000003749,1
3848.796900000423193,773.427599999995437,1
3853.795299999415874,774.488700000001700,1
3858.793700000271201,775.472599999993690,1
3863.792199999094009,776.716499999994994,1
3868.790599999949336,777.948900000003050,1
3873.789100000634789,779.019799999994575,1
3878.787499999627471,780.011700000002747,1
3883.785900000482798,781.144599999999627,1
3888.784399999305606,782.352499999993597,1
3893.782800000160933,783.583700000002864,1
3898.781199999153614,784.835000000006403,1
3903.779699999839067,786.073300000003655,1
3908.778100000694394,787.117400000002817,1
3913.776599999517202,788.081699999995180,1
3918.775000000372529,789.061499999996158,1
3923.773399999365211,790.071200000005774,1
3928.771900000050664,791.108699999997043,1
3933.770300000905991,792.174799999993411,1
3938.768699999898672,793.278500000000349,1
3943.767200000584126,794.418699999994715,1
3948.765599999576807,795.353600000002189,1
3953.764100000262260,796.246100000003935,1
3958.762499999254942,797.173500000004424,1
3963.760900000110269,798.145799999998417,1
3968.759400000795722,799.191300000005867,1
3973.757799999788404,800.084600000001956,1
3978.756200000643730,800.905299999998533,1
3983.754699999466538,801.743900000001304,1
3988.753100000321865,802.614199999996345,1
3993.751599999144673,803.512499999997090,1
3998.750000000000000,804.431500000006054,1
4003.748400000855327,805.354099999996834,1
4008.746899999678135,806.236199999999371,1
4013.745300000533462,807.098800000007031,1
4018.743699999526143,807.962299999999232,1
4023.742200000211596,808.830799999996088,1
4028.740599999204278,809.697199999995064,1
4033.739099999889731,810.541400000001886,1
4038.737500000745058,811.336999999999534,1
4043.735899999737740,812.122000000003027,1
4048.734400000423193,812.925199999997858,1
4053.732799999415874,813.749899999995250,1
4058.731200000271201,814.583199999993667,1
4063.729699999094009,815.396699999997509,1
4068.728099999949336,816.209600000001956,1
4073.726600000634789,817.047200000000885,1
4078.724999999627471,817.917900000000373,1
4083.723400000482798,818.816600000005565,1
4088.721899999305606,819.729800000000978,1
4093.720300000160933,820.640299999999115,1
4098.718699999153614,821.534100000004400,1
4103.717199999839067,822.423899999994319,1
4108.715600000694394,823.391399999993155,1
4113.714099999517202,824.411399999997229,1
4118.712500000372529,825.421300000001793,1
4123.710899999365211,826.356199999994715,1
4128.709400000050664,827.128400000001420,1
4133.707800000905991,827.807100000005448,1
4138.706199999898672,828.479200000001583,1
4143.704700000584126,829.194000000003143,1
4148.703099999576807,829.995800000004238,1
4153.701600000262260,830.931899999995949,1
4158.699999999254942,831.944499999997788,1
4163.698400000110269,832.953500000003260,1
4168.696900000795722,833.908200000005309,1
4173.695299999788404,834.994300000005751,1
4178.693700000643730,836.078999999997905,1
4183.692199999466538,837.111300000004121,1
4188.690600000321865,838.127600000007078,1
4193.689099999144673,839.152400000006310,1
4198.687500000000000,840.118900000001304,1
4203.685900000855327,841.082999999998719,1
4208.684399999678135,842.060400000002119,1
4213.682800000533462,843.032099999996717,1
4218.681199999526143,843.995100000000093,1
4223.679700000211596,844.901500000007218,1
4228.678099999204278,845.438699999998789,1
4233.676599999889731,845.856499999994412,1
4238.675000000745058,846.505399999994552,1
4243.673399999737740,847.298500000004424,1
4248.671900000423193,848.125799999994342,1
4253.670299999415874,848.986300000004121,1
4258.668700000271201,850.004899999999907,1
4263.667199999094009,851.122600000002421,1
4268.665599999949336,852.293600000004517,1
4273.664100000634789,853.482900000002701,1
4278.662499999627471,854.659899999998743,1
4283.660900000482798,855.806599999996251,1
4288.659399999305606,856.913899999999558,1
4293.657800000160933,857.988100000002305,1
4298.656199999153614,859.042600000000675,1
4303.654699999839067,860.088600000002771,1
4308.653100000694394,861.133199999996577,1
4313.651599999517202,862.179900000002817,1
4318.650000000372529,863.229999999995925,1
4323.648399999365211,864.283500000005006,1
4328.646900000050664,865.339900000006310,1
4333.645300000905991,866.398400000005495,1
4338.643699999898672,867.458599999998114,1
4343.642200000584126,868.520199999999022,1
4348.640599999576807,869.583299999998417,1
4353.639100000262260,870.646399999997811,1
4358.637499999254942,871.694600000002538,1
4363.635900000110269,872.665500000002794,1
4368.634400000795722,873.592699999993783,1
4373.632799999788404,874.509799999999814,1
4378.631200000643730,875.423099999999977,1
4383.629699999466538,876.330900000000838,1
4388.628100000321865,877.223400000002584,1
4393.626599999144673,878.082399999999325,1
4398.625000000000000,878.919599999993807,1
4403.623400000855327,879.753800000005867,1
4408.621899999678135,880.595100000005914,1
4413.620300000533462,881.448699999993551,1
4418.618699999526143,882.316800000000512,1
4423.617200000211596,883.219599999996717,1
4428.615599999204278,884.397200000006706,1
4433.614099999889731,885.772500000006403,1
4438.612500000745058,887.139899999994668,1
4443.610899999737740,888.030299999998533,1
4448.609400000423193,888.713799999997718,1
4453.607799999415874,889.437500000000000,1
4458.606200000271201,890.224400000006426,1
4463.604699999094009,891.052400000000489,1
4468.603099999949336,891.900899999993271,1
4473.601600000634789,892.754499999995460,1
4478.599999999627471,893.581999999994878,1
4483.598400000482798,894.278999999994994,1
4488.596899999305606,894.904399999999441,1
4493.595300000160933,895.540599999992992,1
4498.593699999153614,896.358300000007148,1
4503.592199999839067,897.228199999997742,1
4508.590600000694394,898.030499999993481,1
4513.589099999517202,898.792000000001281,1
4518.587500000372529,899.766399999993155,1
4523.585899999365211,900.785199999998440,1
4528.584400000050664,901.720000000001164,1
4533.582800000905991,902.624700000000303,1
4538.581199999898672,903.457999999998719,1
4543.579700000584126,904.348199999993085,1
4548.578099999576807,905.373200000001816,1
4553.576600000262260,906.521299999993062,1
4558.574999999254942,907.702000000004773,1
4563.573400000110269,908.860199999995530,1
4568.571900000795722,910.021900000007008,1
4573.570299999788404,910.975600000005215,1
4578.568700000643730,911.877299999992829,1
4583.567199999466538,912.815700000006473,1
4588.565600000321865,913.847099999999045,1
4593.564099999144673,915.247099999993225,1
4598.562500000000000,916.453599999993457,1
4603.560900000855327,917.463600000002771,1
4608.559399999678135,918.397100000001956,1
4613.557800000533462,918.989700000005541,1
4618.556199999526143,919.407999999995809,1
4623.554700000211596,919.822400000004563,1
4628.553099999204278,920.242899999997462,1
4633.551599999889731,920.627699999997276,1
4638.550000000745058,920.914900000003399,1
4643.548399999737740,921.097200000003795,1
4648.546900000423193,922.038700000004610,1
4653.545299999415874,923.243300000001909,1
4658.543700000271201,924.359800000005635,1
4663.542199999094009,925.431100000001607,1
4668.540599999949336,926.516399999993155,1
4673.539100000634789,927.678199999994831,1
4678.537499999627471,928.967499999998836,1
4683.535900000482798,930.352299999998650,1
4688.534399999305606,931.745899999994435,1
4693.532800000160933,932.983699999997043,1
4698.531199999153614,934.120100000000093,1
4703.529699999839067,935.221499999999651,1
4708.528100000694394,936.305500000002212,1
4713.526599999517202,937.388200000001234,1
4718.525000000372529,938.480299999995623,1
4723.523399999365211,939.551800000001094,1
4728.521900000050664,940.435700000001816,1
4733.520300000905991,941.231899999998859,1
4738.518699999898672,942.029099999999744,1
4743.517200000584126,942.727599999998347,1
4748.515599999576807,943.273600000000442,1
4753.514100000262260,942.472500000003492,1
4758.512499999254942,945.155400000003283,1
4763.510900000110269,946.973100000002887,1
4768.509400000795722,947.770199999999022,1
4773.507799999788404,948.739100000006147,1
4778.506200000643730,949.616999999998370,1
4783.504699999466538,950.427800000004936,1
4788.503100000321865,951.262900000001537,1
4793.501599999144673,952.151400000002468,1
4798.500000000000000,953.159799999993993,1
4803.498400000855327,954.188399999999092,1
4808.496899999678135,955.155700000002980,1
4813.495300000533462,956.011899999997695,1
4818.493699999526143,956.811199999996461,1
4823.492200000211596,957.611600000003818,1
4828.490599999204278,958.431299999996554,1
4833.489099999889731,959.271399999997811,1
4838.487500000745058,960.126099999994040,1
4843.485899999737740,960.987800000002608,1
4848.484400000423193,961.853099999992992,1
4853.482799999415874,962.735000000000582,1
4858.481200000271201,963.687699999994948,1
4863.479699999094009,964.817899999994552,1
4868.478099999949336,966.074800000002142,1
4873.476600000634789,967.370399999999790,1
4878.474999999627471,968.668499999999767,1
4883.473400000482798,969.965200000006007,1
4888.471899999305606,971.270399999993970,1
4893.470300000160933,972.578999999997905,1
4898.468699999153614,973.873399999996764,1
4903.467199999839067,975.116699999998673,1
4908.465600000694394,976.296300000001793,1
4913.464099999517202,977.422200000000885,1
4918.462500000372529,978.504700000004959,1
4923.460899999365211,979.543300000004820,1
4928.459400000050664,980.532999999995809,1
4933.457800000905991,981.489799999995739,1
4938.456199999898672,982.486499999999069,1
4943.454700000584126,983.515899999998510,1
4948.453099999576807,984.630399999994552,1
4953.451600000262260,985.773799999995390,1
4958.449999999254942,986.922999999995227,1
4963.448400000110269,988.203500000003260,1
4968.446900000795722,989.954500000007101,1
4973.445299999788404,992.017000000007101,1
4978.443700000643730,993.207200000004377,1
4983.442199999466538,994.036999999996624,1
4988.440600000321865,994.979200000001583,1
4993.439099999144673,996.007800000006682,1
4998.437500000000000,997.082899999993970,1
5003.435900000855327,998.186700000005658,1
5008.434399999678135,999.311799999995856,1
5013.432800000533462,1000.429099999993923,1
5018.431199999526143,1001.414000000004307,1
5023.429700000211596,1002.325599999996484,1
5028.428099999204278,1003.238700000001700,1
5033.426599999889731,1004.167499999995925,1
5038.425000000745058,1005.114000000001397,1
5043.423399999737740,1006.080700000005891,1
5048.421900000423193,1007.072100000004866,1
5053.420299999415874,1008.090299999996205,1
5058.418700000271201,1009.120399999999790,1
5063.417199999094009,1010.088699999992969,1
5068.415599999949336,1011.035499999998137,1
5073.414100000634789,1012.013300000005984,1
5078.412499999627471,1013.033200000005309,1
5083.410900000482798,1014.087799999993877,1
5088.409399999305606,1015.155199999993783,1
5093.407800000160933,1016.198300000003655,1
5098.406199999153614,1017.214600000006612,1
5103.404699999839067,1018.202900000003865,1
5108.403100000694394,1019.025200000003679,1
5113.401599999517202,1019.710999999995693,1
5118.400000000372529,1020.442500000004657,1
5123.398399999365211,1021.768100000001141,1
5128.396900000050664,1023.337499999994179,1
5133.395300000905991,1024.775099999998929,1
5138.393699999898672,1025.995200000004843,1
5143.392200000584126,1027.047600000005332,1
5148.390599999576807,1028.248800000001211,1
5153.389100000262260,1029.515100000004168,1
5158.387499999254942,1030.694199999998091,1
5163.385900000110269,1031.779800000003888,1
5168.384400000795722,1032.857799999997951,1
5173.382799999788404,1034.131699999998091,1
5178.381200000643730,1035.545400000002701,1
5183.379699999466538,1036.992800000007264,1
5188.378100000321865,1038.474300000001676,1
5193.376599999144673,1039.979900000005728,1
5198.375000000000000,1040.983900000006543,1
5203.373400000855327,1041.825299999996787,1
5208.371899999678135,1042.777199999996810,1
5213.370300000533462,1043.786200000002282,1
5218.368699999526143,1044.820500000001630,1
5223.367200000211596,1045.874500000005355,1
5228.365599999204278,1046.942100000000210,1
5233.364099999889731,1048.012300000002142,1
5238.362500000745058,1049.075200000006589,1
5243.360899999737740,1050.128700000001118,1
5248.359400000423193,1051.184399999998277,1
5253.357799999415874,1052.268599999995786,1
5258.356200000271201,1053.407300000006217,1
5263.354699999094009,1054.561499999996158,1
5268.353099999949336,1055.757700000001932,1
5273.351600000634789,1057.021399999997811,1
5278.349999999627471,1058.300700000007055,1
5283.348400000482798,1059.345700000005309,1
5288.346899999305606,1060.155899999997928,1
5293.345300000160933,1060.856100000004517,1
5298.343699999153614,1061.497099999993225,1
5303.342199999839067,1062.054199999998673,1
5308.340600000694394,1063.502600000007078,1
5313.339099999517202,1065.161300000007031,1
5318.337500000372529,1066.923299999994924,1
5323.335899999365211,1068.573000000003958,1
5328.334400000050664,1070.011100000003353,1
5333.332800000905991,1071.363500000006752,1
5338.331199999898672,1072.560299999997369,1
5343.329700000584126,1073.972500000003492,1
5348.328099999576807,1075.417900000000373,1
5353.326600000262260,1076.596099999995204,1
5358.324999999254942,1077.938800000003539,1
5363.323400000110269,1079.160099999993690,1
5368.321900000795722,1079.948000000003958,1
5373.320299999788404,1080.988299999997253,1
5378.318700000643730,1082.239700000005541,1
5383.317199999466538,1083.557899999999790,1
5388.315600000321865,1084.928100000004633,1
5393.314099999144673,1086.261899999997695,1
5398.312500000000000,1087.406199999997625,1
5403.310900000855327,1088.452799999999115,1
5408.309399999678135,1090.423599999994622,1
5413.307800000533462,1091.914199999999255,1
5418.306199999526143,1092.932000000000698,1
5423.304700000211596,1094.065300000002026,1
5428.303099999204278,1095.030199999993783,1
5433.301599999889731,1095.800000000002910,1
5438.300000000745058,1096.476299999994808,1
5443.298399999737740,1097.088900000002468,1
5448.296900000423193,1097.806299999996554,1
5453.295299999415874,1099.233800000001793,1
5458.293700000271201,1100.939599999997881,1
5463.292199999094009,1102.556200000006356,1
5468.290599999949336,1104.133600000001024,1
5473.289100000634789,1105.754199999995762,1
5478.287499999627471,1107.428299999999581,1
5483.285900000482798,1109.101399999999558,1
5488.284399999305606,1110.559399999998277,1
5493.282800000160933,1111.899600000004284,1
5498.281199999153614,1113.268200000005891,1
5503.279699999839067,1114.747099999993225,1
5508.278100000694394,1116.330100000006496,1
5513.276599999517202,1117.989300000001094,1
5518.275000000372529,1119.718699999997625,1
5523.273399999365211,1121.407000000006519,1
5528.271900000050664,1122.557499999995343,1
5533.270300000905991,1123.822400000004563,1
5538.268699999898672,1125.275200000003679,1
5543.267200000584126,1126.495999999999185,1
5548.265599999576807,1127.587799999993877,1
5553.264100000262260,1128.682300000000396,1
5558.262499999254942,1129.767600000006496,1
5563.260900000110269,1130.846000000005006,1
5568.259400000795722,1132.055699999997159,1
5573.257799999788404,1133.353700000006938,1
5578.256200000643730,1134.722699999998440,1
5583.254699999466538,1136.129600000000210,1
5588.253100000321865,1137.541500000006636,1
5593.251599999144673,1138.961200000005192,1
5598.250000000000000,1140.393800000005285,1
5603.248400000855327,1141.841599999999744,1
5608.246899999678135,1143.305600000006962,1
5613.245300000533462,1144.786300000007031,1
5618.243699999526143,1146.283999999999651,1
5623.242200000211596,1147.799599999998463,1
5628.240599999204278,1149.332899999993970,1
5633.239099999889731,1150.882100000002538,1
5638.237500000745058,1152.441500000000815,1
5643.235899999737740,1153.997799999997369,1
5648.234400000423193,1155.525099999998929,1
5653.232799999415874,1156.993300000001909,1
5658.231200000271201,1158.415999999997439,1
5663.229699999094009,1159.835699999995995,1
5668.228099999949336,1161.277600000001257,1
5673.226600000634789,1162.743400000006659,1
5678.224999999627471,1164.054900000002817,1
5683.223400000482798,1165.288300000000163,1
5688.221899999305606,1166.547900000005029,1
5693.220300000160933,1167.832200000004377,1
5698.218699999153614,1169.124500000005355,1
5703.217199999839067,1170.395300000003772,1
5708.215600000694394,1171.631699999998091,1
5713.214099999517202,1172.995999999999185,1
5718.212500000372529,1174.481899999998859,1
5723.210899999365211,1176.009099999995669,1
5728.209400000050664,1177.582699999999022,1
5733.207800000905991,1178.890799999993760,1
5738.206199999898672,1180.119800000000396,1
5743.204700000584126,1181.410499999998137,1
5748.203099999576807,1182.749599999995553,1
5753.201600000262260,1184.176000000006752,1
5758.199999999254942,1185.723499999992782,1
5763.198400000110269,1187.460900000005495,1
5768.196900000795722,1189.245500000004540,1
5773.195299999788404,1190.703599999993457,1
5778.193700000643730,1191.930399999997462,1
5783.192199999466538,1193.141300000002957,1
5788.190600000321865,1194.391000000003260,1
5793.189099999144673,1195.685100000002421,1
5798.187500000000000,1197.003400000001420,1
5803.185900000855327,1198.317800000004354,1
5808.184399999678135,1199.616999999998370,1
5813.182800000533462,1200.902400000006310,1
5818.181199999526143,1202.176300000006449,1
5823.179700000211596,1203.439899999997579,1
5828.178099999204278,1204.692599999994854,1
5833.176599999889731,1205.932600000000093,1
5838.175000000745058,1207.158200000005309,1
5843.173399999737740,1208.368300000001909,1
5848.171900000423193,1209.563699999998789,1
5853.170299999415874,1210.747199999997974,1
5858.168700000271201,1211.925300000002608,1
5863.167199999094009,1213.109500000005937,1
5868.165599999949336,1214.314400000002934,1
5873.164100000634789,1215.540900000007241,1
5878.162499999627471,1216.784499999994296,1
5883.160900000482798,1218.049199999994016,1
5888.159399999305606,1219.348599999997532,1
5893.157800000160933,1220.709799999996903,1
5898.156199999153614,1222.162800000005518,1
5903.154699999839067,1223.689899999997579,1
5908.153100000694394,1225.243400000006659,1
5913.151599999517202,1226.784199999994598,1
5918.150000000372529,1228.292199999996228,1
5923.148399999365211,1229.767900000006193,1
5928.146900000050664,1231.194799999997485,1
5933.145300000905991,1232.761499999993248,1
5938.143699999898672,1234.507700000001932,1
5943.142200000584126,1236.241899999993620,1
5948.140599999576807,1237.808399999994435,1
5953.139100000262260,1239.307100000005448,1
5958.137499999254942,1240.818599999998696,1
5963.135900000110269,1242.227599999998347,1
5968.134400000795722,1243.523400000005495,1
5973.132799999788404,1244.696899999995367,1
5978.131200000643730,1245.828399999998510,1
5983.129699999466538,1246.993300000001909,1
5988.128100000321865,1248.196700000000419,1
5993.126599999144673,1249.415299999993294,1
5998.125000000000000,1250.631500000003143,1
6003.123400000855327,1251.822599999999511,1
6008.121899999678135,1252.998300000006566,1
6013.120300000533462,1254.315100000007078,1
6018.118699999526143,1255.793099999995320,1
6023.117200000211596,1257.342000000004191,1
6028.115599999204278,1258.726800000004005,1
6033.114099999889731,1259.970700000005309,1
6038.112500000745058,1261.182899999999790,1
6043.110899999737740,1262.378599999996368,1
6048.109400000423193,1263.850900000004913,1
6053.107799999415874,1265.462400000003981,1
6058.106200000271201,1267.054600000003120,1
6063.104699999094009,1268.645199999999022,1
6068.103099999949336,1270.417600000000675,1
6073.101600000634789,1272.343200000002980,1
6078.099999999627471,1274.289900000003399,1
6083.098400000482798,1275.736999999993714,1
6088.096899999305606,1276.869000000006054,1
6093.095300000160933,1278.017999999996391,1
6098.093699999153614,1279.278200000000652,1
6103.092199999839067,1280.798500000004424,1
6108.090600000694394,1282.463300000003073,1
6113.089099999517202,1284.239300000001094,1
6118.087500000372529,1286.092399999994086,1
6123.085899999365211,1287.853199999997742,1
6128.084400000050664,1289.173599999994622,1
6133.082800000905991,1290.138200000001234,1
6138.081199999898672,1291.800199999997858,1
6143.079700000584126,1293.910799999997835,1
6148.078099999576807,1295.938099999999395,1
6153.076600000262260,1297.868400000006659,1
6158.074999999254942,1299.775200000003679,1
6163.073400000110269,1301.735199999995530,1
6168.071900000795722,1303.778300000005402,1
6173.070299999788404,1305.830600000001141,1
6178.068700000643730,1307.511299999998300,1
6183.067199999466538,1308.822199999995064,1
6188.065600000321865,1310.106100000004517,1
6193.064099999144673,1311.479500000001281,1
6198.062500000000000,1312.901599999997416,1
6203.060900000855327,1314.324900000006892,1
6208.059399999678135,1315.698600000003353,1
6213.057800000533462,1316.977299999998650,1
6218.056199999526143,1318.194499999997788,1
6223.054700000211596,1319.405799999993178,1
6228.053099999204278,1320.659299999999348,1
6233.051599999889731,1321.980400000000373,1
6238.050000000745058,1323.320800000001327,1
6243.048399999737740,1324.477799999993294,1
6248.046900000423193,1325.504000000000815,1
6253.045299999415874,1327.337499999994179,1
6258.043700000271201,1329.505300000004354,1
6263.042199999094009,1331.043799999999464,1
6268.040599999949336,1332.168399999995017,1
6273.039100000634789,1333.288599999999860,1
6278.037499999627471,1334.510800000003655,1
6283.035900000482798,1335.815600000001723,1
6288.034399999305606,1337.393700000000536,1
6293.032800000160933,1339.089399999997113,1
6298.031199999153614,1340.703699999998207,1
6303.029699999839067,1342.278800000000047,1
6308.028100000694394,1343.918000000005122,1
6313.026599999517202,1345.612099999998463,1
6318.025000000372529,1347.288799999994808,1
6323.023399999365211,1348.904500000004191,1
6328.021900000050664,1350.557400000005146,1
6333.020300000905991,1352.219100000002072,1
6338.018699999898672,1353.846399999994901,1
6343.017200000584126,1355.467600000003586,1
6348.015599999576807,1357.096900000004098,1
6353.014100000262260,1358.714099999997416,1
6358.012499999254942,1360.253200000006473,1
6363.010900000110269,1361.628500000006170,1
6368.009400000795722,1362.886499999993248,1
6373.007799999788404,1364.177700000000186,1
6378.006200000643730,1365.458700000002864,1
6383.004699999466538,1366.615300000004936,1
6388.003100000321865,1367.975399999995716,1
6393.001599999144673,1369.437900000004447,1
6398.000000000000000,1370.795599999997648,1
6402.998400000855327,1372.273700000005192,1
6407.996899999678135,1373.886799999992945,1
6412.995300000533462,1375.457500000004075,1
6417.993699999526143,1377.024399999994785,1
6422.992200000211596,1378.334600000001956,1
6427.990599999204278,1379.620100000000093,1
6432.989099999889731,1381.036399999997229,1
6437.987500000745058,1382.251300000003539,1
6442.985899999737740,1383.371700000003329,1
6447.984400000423193,1384.570800000001327,1
6452.982799999415874,1385.829299999997602,1
6457.981200000271201,1387.228000000002794,1
6462.979699999094009,1388.725699999995413,1
6467.978099999949336,1390.189499999993131,1
6472.976600000634789,1391.585999999995693,1
6477.974999999627471,1392.949800000002142,1
6482.973400000482798,1394.398100000005797,1
6487.971899999305606,1395.805399999997462,1
6492.970300000160933,1396.957099999999627,1
6497.968699999153614,1398.597200000003795,1
6502.967199999839067,1400.574099999997998,1
6507.965600000694394,1402.427800000004936,1
6512.964099999517202,1404.241800000003423,1
6517.962500000372529,1406.145999999993364,1
6522.960899999365211,1408.069300000002841,1
6527.959400000050664,1409.695399999996880,1
6532.957800000905991,1411.076000000000931,1
6537.956199999898672,1412.366399999998976,1
6542.954700000584126,1413.595300000000861,1
6547.953099999576807,1414.779699999999139,1
6552.951600000262260,1416.057600000000093,1
6557.949999999254942,1417.282099999996717,1
6562.948400000110269,1418.392699999996694,1
6567.946900000795722,1419.508600000001024,1
6572.945299999788404,1420.827399999994668,1
6577.943700000643730,1422.301999999996042,1
6582.942199999466538,1423.815499999996973,1
6587.940600000321865,1425.360799999994924,1
6592.939099999144673,1426.922900000005029,1
6597.937500000000000,1428.469700000001467,1
6602.935900000855327,1429.953699999998207,1
6607.934399999678135,1431.375199999994948,1
6612.932800000533462,1432.849199999996927,1
6617.931199999526143,1434.326000000000931,1
6622.929700000211596,1435.724000000001979,1
6627.928099999204278,1437.055300000007264,1
6632.926599999889731,1438.407399999996414,1
6637.925000000745058,1439.914199999999255,1
6642.923399999737740,1441.075400000001537,1
6647.921900000423193,1441.874500000005355,1
6652.920299999415874,1442.644799999994575,1
6657.918700000271201,1443.398499999995693,1
6662.917199999094009,1444.028300000005402,1
6667.915599999949336,1444.643800000005285,1
6672.914100000634789,1445.249599999995553,1
6677.912499999627471,1445.765299999999115,1
6682.910900000482798,1446.208400000003166,1
6687.909399999305606,1446.633400000006077,1
6692.907800000160933,1447.240900000004331,1
6697.906199999153614,1448.071500000005472,1
6702.904699999839067,1449.042900000000373,1
6707.903100000694394,1450.419399999998859,1
6712.901599999517202,1451.850099999996019,1
6717.900000000372529,1453.059599999993225,1
6722.898399999365211,1454.980599999995320,1
6727.896900000050664,1457.315700000006473,1
6732.895300000905991,1459.393200000005891,1
6737.893699999898672,1461.245500000004540,1
6742.892200000584126,1462.947100000004866,1
6747.890599999576807,1464.554600000003120,1
6752.889100000262260,1465.998900000005960,1
6757.887499999254942,1467.344800000006217,1
6762.885900000110269,1468.730299999995623,1
6767.884400000795722,1470.233800000001793,1
6772.882799999788404,1471.803299999999581,1
6777.881200000643730,1473.201000000000931,1
6782.879699999466538,1474.388000000006286,1
6787.878100000321865,1475.453399999998510,1
6792.876599999144673,1476.461400000000140,1
6797.875000000000000,1478.021900000007008,1
6802.873400000855327,1480.035699999993085,1
6807.871899999678135,1481.410999999992782,1
6812.870300000533462,1482.516199999998207,1
6817.868699999526143,1483.840100000001257,1
6822.867200000211596,1485.218099999998230,1
6827.865599999204278,1486.394000000000233,1
6832.864099999889731,1487.392500000001746,1
6837.862500000745058,1488.380099999994854,1
6842.860899999737740,1489.407999999995809,1
6847.859400000423193,1490.433900000003632,1
6852.857799999415874,1491.426000000006752,1
6857.856200000271201,1492.584400000007008,1
6862.854699999094009,1493.830199999996694,1
6867.853099999949336,1494.873399999996764,1
6872.851600000634789,1495.744500000000698,1
6877.849999999627471,1496.562300000005052,1
6882.848400000482798,1497.350900000004913,1
6887.846899999305606,1498.159499999994296,1
6892.845300000160933,1499.056700000001001,1
6897.843699999153614,1500.345000000001164,1
6902.842199999839067,1501.936799999995856,1
6907.840600000694394,1503.364400000005844,1
6912.839099999517202,1504.608099999997648,1
6917.837500000372529,1506.155599999998230,1
6922.835899999365211,1507.951900000000023,1
6927.834400000050664,1509.377200000002631,1
6932.832800000905991,1510.514699999999721,1
6937.831199999898672,1511.718099999998230,1
6942.829700000584126,1513.092000000004191,1
6947.828099999576807,1514.472500000003492,1
6952.826600000262260,1515.728000000002794,1
6957.824999999254942,1516.878299999996671,1
6962.823400000110269,1517.960999999995693,1
6967.821900000795722,1519.004400000005262,1
6972.820299999788404,1520.037800000005518,1
6977.818700000643730,1521.113500000006752,1
6982.817199999466538,1522.232799999997951,1
6987.815600000321865,1523.378100000001723,1
6992.814099999144673,1524.525500000003376,1
6997.812500000000000,1525.618000000002212,1
7002.810900000855327,1526.642300000006799,1
7007.809399999678135,1527.611399999994319,1
7012.807800000533462,1528.458799999993062,1
7017.806199999526143,1529.238299999997253,1
7022.804700000211596,1530.231199999994715,1
7027.803099999204278,1531.441200000001118,1
7032.801599999889731,1532.822599999999511,1
7037.800000000745058,1534.323000000003958,1
7042.798399999737740,1535.820800000001327,1
7047.796900000423193,1537.281000000002678,1
7052.795299999415874,1538.598800000007031,1
7057.793700000271201,1539.767900000006193,1
7062.792199999094009,1540.792000000001281,1
7067.790599999949336,1541.710699999995995,1
7072.789100000634789,1542.628200000006473,1
7077.787499999627471,1543.599300000001676,1
7082.785900000482798,1544.631800000002841,1
7087.784399999305606,1545.683600000003935,1
7092.782800000160933,1546.680800000001909,1
7097.781199999153614,1547.612599999993108,1
7102.779699999839067,1548.516000000003260,1
7107.778100000694394,1549.405799999993178,1
7112.776599999517202,1550.291700000001583,1
7117.775000000372529,1551.303899999998976,1
7122.773399999365211,1552.425000000002910,1
7127.771900000050664,1553.557400000005146,1
7132.770300000905991,1554.703099999998813,1
7137.768699999898672,1555.893800000005285,1
7142.767200000584126,1557.199900000006892,1
7147.765599999576807,1558.565300000002026,1
7152.764100000262260,1559.797699999995530,1
7157.762499999254942,1560.875899999999092,1
7162.760900000110269,1561.894000000000233,1
7167.759400000795722,1562.889299999995274,1
7172.757799999788404,1563.879799999995157,1
7177.756200000643730,1564.881599999993341,1
7182.754699999466538,1565.896500000002561,1
7187.753100000321865,1566.896900000007008,1
7192.751599999144673,1567.866200000004028,1
7197.750000000000000,1568.814899999997579,1
7202.748400000855327,1569.754700000004959,1
7207.746899999678135,1570.684399999998277,1
7212.745300000533462,1571.596499999999651,1
7217.743699999526143,1572.492899999997462,1
7222.742200000211596,1573.392600000006496,1
7227.740599999204278,1574.319099999993341,1
7232.739099999889731,1575.270699999993667,1
7237.737500000745058,1576.289300000004005,1
7242.735899999737740,1577.351200000004610,1
7247.734400000423193,1578.210699999995995,1
7252.732799999415874,1578.918000000005122,1
7257.731200000271201,1579.683399999994435,1
7262.729699999094009,1580.426600000006147,1
7267.728099999949336,1581.131999999997788,1
7272.726600000634789,1581.804699999993318,1
7277.724999999627471,1582.465400000000955,1
7282.723400000482798,1583.178199999994831,1
7287.721899999305606,1583.987500000002910,1
7292.720300000160933,1584.935400000002119,1
7297.718699999153614,1586.001000000003842,1
7302.717199999839067,1587.132700000001932,1
7307.715600000694394,1588.021800000002258,1
7312.714099999517202,1588.710500000001048,1
7317.712500000372529,1589.432400000005146,1
7322.710899999365211,1590.168200000000070,1
7327.709400000050664,1590.912299999996321,1
7332.707800000905991,1591.764200000005076,1
7337.706199999898672,1592.737200000003213,1
7342.704700000584126,1593.770900000003166,1
7347.703099999576807,1594.829800000006799,1
7352.701600000262260,1595.827399999994668,1
7357.699999999254942,1596.550600000002305,1
7362.698400000110269,1597.189599999997881,1
7367.696900000795722,1597.956000000005588,1
7372.695299999788404,1598.781700000006822,1
7377.693700000643730,1599.634600000004866,1
7382.692199999466538,1600.476299999994808,1
7387.690600000321865,1601.384900000004563,1
7392.689099999144673,1602.295899999997346,1
7397.687500000000000,1603.001799999998184,1
7402.685900000855327,1603.550600000002305,1
7407.684399999678135,1604.083100000003469,1
7412.682800000533462,1604.646099999998114,1
7417.681199999526143,1605.285000000003492,1
7422.679700000211596,1605.982600000003004,1
7427.678099999204278,1606.695800000001327,1
7432.676599999889731,1607.421900000001187,1
7437.675000000745058,1608.163000000000466,1
7442.673399999737740,1608.926600000006147,1
7447.671900000423193,1609.735300000000279,1
7452.670299999415874,1610.634500000000116,1
7457.668700000271201,1611.628400000001420,1
7462.667199999094009,1612.413199999995413,1
7467.665599999949336,1613.054199999998673,1
7472.664100000634789,1613.947499999994761,1
7477.662499999627471,1614.943400000003749,1
7482.660900000482798,1615.683199999999488,1
7487.659399999305606,1616.268299999996088,1
7492.657800000160933,1616.895600000003469,1
7497.656199999153614,1617.558799999998882,1
7502.654699999839067,1618.250599999999395,1
7507.653100000694394,1618.990099999995437,1
7512.651599999517202,1619.796000000002095,1
7517.650000000372529,1620.651800000006915,1
7522.648399999365211,1621.532699999996112,1
7527.646900000050664,1622.402499999996508,1
7532.645300000905991,1623.062799999999697,1
7537.643699999898672,1623.562600000004750,1
7542.642200000584126,1624.085500000001048,1
7547.640599999576807,1624.627600000007078,1
7552.639100000262260,1625.174700000003213,1
7557.637499999254942,1625.706300000005285,1
7562.635900000110269,1626.227299999998650,1
7567.634400000795722,1626.759300000005169,1
7572.632799999788404,1627.305200000002515,1
7577.631200000643730,1627.848899999997229,1
7582.629699999466538,1628.358699999997043,1
7587.628100000321865,1628.842199999999139,1
7592.626599999144673,1629.385599999994156,1
7597.625000000000000,1630.004300000000512,1
7602.623400000855327,1630.636299999998300,1
7607.621899999678135,1631.197899999999208,1
7612.620300000533462,1631.493700000006356,1
7617.618699999526143,1631.623399999996764,1
7622.617200000211596,1631.955900000000838,1
7627.615599999204278,1632.432199999995646,1
7632.614099999889731,1632.845300000000861,1
7637.612500000745058,1633.178799999994226,1
7642.610899999737740,1633.444600000002538,1
7647.609400000423193,1633.728400000007241,1
7652.607799999415874,1634.347299999993993,1
7657.606200000271201,1635.180999999996857,1
7662.604699999094009,1635.874500000005355,1
7667.603099999949336,1636.374400000000605,1
7672.601600000634789,1636.881999999997788,1
7677.599999999627471,1637.417199999996228,1
7682.598400000482798,1637.829400000002352,1
7687.596899999305606,1638.274999999994179,1
7692.595300000160933,1638.830700000005891,1
7697.593699999153614,1639.422699999995530,1
7702.592199999839067,1640.012199999997392,1
7707.590600000694394,1640.501900000002934,1
7712.589099999517202,1640.873300000006566,1
7717.587500000372529,1641.182899999999790,1
7722.585899999365211,1641.443299999998999,1
7727.584400000050664,1641.839900000006310,1
7732.582800000905991,1642.361499999999069,1
7737.581199999898672,1642.831000000005588,1
7742.579700000584126,1643.249899999995250,1
7747.578099999576807,1643.646399999997811,1
7752.576600000262260,1644.047999999995227,1
7757.574999999254942,1644.472999999998137,1
7762.573400000110269,1644.842399999994086,1
7767.571900000795722,1645.161300000007031,1
7772.570299999788404,1645.472099999999045,1
7777.568700000643730,1645.772800000006100,1
7782.567199999466538,1646.107699999993201,1
7787.565600000321865,1646.531600000002072,1
7792.564099999144673,1646.829800000006799,1
7797.562500000000000,1646.977499999993597,1
7802.560900000855327,1647.183099999994738,1
7807.559399999678135,1647.424799999993411,1
7812.557800000533462,1647.585399999996298,1
7817.556199999526143,1647.664199999999255,1
7822.554700000211596,1647.747000000003027,1
7827.553099999204278,1647.757700000001932,1
7832.551599999889731,1647.675000000002910,1
7837.550000000745058,1647.570600000006380,1
7842.548399999737740,1647.473400000002584,1
7847.546900000423193,1647.377399999997579,1
7852.545299999415874,1647.263800000000629,1
7857.543700000271201,1647.151500000007218,1
7862.542199999094009,1647.047600000005332,1
7867.540599999949336,1646.933699999994133,1
7872.539100000634789,1646.795499999992899,1
7877.537499999627471,1646.613400000002002,1
7882.535900000482798,1646.516799999997602,1
7887.534399999305606,1646.513699999995879,1
7892.532800000160933,1646.505099999994854,1
7897.531199999153614,1646.507299999997485,1
7902.529699999839067,1646.482799999997951,1
7907.528100000694394,1646.455700000005891,1
7912.526599999517202,1646.535199999998440,1
7917.525000000372529,1646.747499999997672,1
7922.523399999365211,1647.015100000004168,1
7927.521900000050664,1647.150099999998929,1
7932.520300000905991,1647.120500000004540,1
7937.518699999898672,1647.063699999998789,1
7942.517200000584126,1647.031099999992875,1
7947.515599999576807,1647.087599999998929,1
7952.514100000262260,1647.214200000002165,1
7957.512499999254942,1647.321599999995669,1
7962.510900000110269,1647.382500000006985,1
7967.509400000795722,1647.382700000001932,1
7972.507799999788404,1647.327099999994971,1
7977.506200000643730,1647.259900000004563,1
7982.504699999466538,1647.265599999998813,1
7987.503100000321865,1647.084799999996903,1
7992.501599999144673,1646.678799999994226,1
7997.500000000000000,1646.336899999994785,1
8002.498400000855327,1646.063899999993737,1
8007.496899999678135,1645.623300000006566,1
8012.495300000533462,1645.021099999998114,1
8017.493699999526143,1644.494300000005751,1
8022.492200000211596,1644.093299999993178,1
8027.490599999204278,1643.796799999996438,1
8032.489099999889731,1643.540800000002491,1
8037.487500000745058,1643.320500000001630,1
8042.485899999737740,1643.134999999994761,1
8047.484400000423193,1642.982000000003609,1
8052.482799999415874,1642.839999999996508,1
8057.481200000271201,1642.686600000000908,1
8062.479699999094009,1642.500700000004144,1
8067.478099999949336,1642.269799999994575,1
8072.476600000634789,1641.999599999995553,1
8077.474999999627471,1641.694900000002235,1
8082.473400000482798,1641.318400000003749,1
8087.471899999305606,1640.887100000007194,1
8092.470300000160933,1640.518800000005285,1
8097.468699999153614,1640.197799999994459,1
8102.467199999839067,1639.828899999993155,1
8107.465600000694394,1639.408599999995204,1
8112.464099999517202,1639.122799999997369,1
8117.462500000372529,1638.942599999994854,1
8122.460899999365211,1638.672300000005635,1
8127.459400000050664,1638.344200000006822,1
8132.457800000905991,1637.961299999995390,1
8137.456199999898672,1637.505000000004657,1
8142.454700000584126,1636.978000000002794,1
8147.453099999576807,1636.405899999997928,1
8152.451600000262260,1635.811700000005658,1
8157.449999999254942,1635.215500000005704,1
8162.448400000110269,1634.586100000000442,1
8167.446900000795722,1633.934500000003027,1
8172.445299999788404,1633.318599999998696,1
8177.443700000643730,1632.738200000007055,1
8182.442199999466538,1632.155400000003283,1
8187.440600000321865,1631.405400000003283,1
8192.439099999144673,1630.515599999998813,1
8197.437500000000000,1629.660300000003190,1
8202.435900000855327,1628.836500000004889,1
8207.434399999678135,1628.027600000001257,1
8212.432800000533462,1627.208400000003166,1
8217.431199999526143,1626.338799999997718,1
8222.429700000211596,1625.439199999993434,1
8227.428099999204278,1624.545100000003004,1
8232.426599999889731,1623.644400000004680,1
8237.425000000745058,1622.726099999999860,1
8242.423399999737740,1621.681899999995949,1
8247.421900000423193,1620.596199999999953,1
8252.420299999415874,1620.132199999992736,1
8257.418700000271201,1620.138300000005984,1
8262.417199999094009,1619.598800000007031,1
8267.415599999949336,1618.791100000002189,1
8272.414100000634789,1618.292000000001281,1
8277.412499999627471,1617.816500000000815,1
8282.410900000482798,1617.300399999992806,1
8287.409399999305606,1616.900099999998929,1
8292.407800000160933,1616.590800000005402,1
8297.406199999153614,1615.902499999996508,1
8302.404699999839067,1614.857499999998254,1
8307.403100000694394,1613.961999999999534,1
8312.401599999517202,1613.158200000005309,1
8317.400000000372529,1612.419099999999162,1
8322.398399999365211,1611.778200000000652,1
8327.396900000050664,1611.231199999994715,1
8332.395300000905991,1610.412299999996321,1
8337.393699999898672,1609.299599999998463,1
8342.392200000584126,1608.281099999992875,1
8347.390599999576807,1607.356899999998859,1
8352.389100000262260,1606.519700000004377,1
8357.387499999254942,1605.762199999997392,1
8362.385900000110269,1605.068499999993946,1
8367.384400000795722,1604.438299999994342,1
8372.382799999788404,1603.874200000005658,1
8377.381200000643730,1603.376399999993737,1
8382.379699999466538,1602.942500000004657,1
8387.378100000321865,1602.568100000004051,1
8392.376599999144673,1602.247799999997369,1
8397.375000000000000,1601.977100000003702,1
8402.373400000855327,1601.754499999995460,1
8407.371899999678135,1601.581200000000536,1
8412.370300000533462,1601.459600000001956,1
8417.368699999526143,1601.390299999999115,1
8422.367200000211596,1601.371499999993830,1
8427.365599999204278,1601.399600000004284,1
8432.364099999889731,1601.467600000003586,1
8437.362500000745058,1601.555800000001909,1
8442.360899999737740,1601.609299999996438,1
8447.359400000423193,1601.593299999993178,1
8452.357799999415874,1601.534899999998743,1
8457.356200000271201,1601.449800000002142,1
8462.354699999094009,1601.302500000005239,1
8467.353099999949336,1601.093099999998230,1
8472.351600000634789,1600.862999999997555,1
8477.349999999627471,1600.582299999994575,1
8482.348400000482798,1600.224600000001374,1
8487.346899999305606,1599.829100000002654,1
8492.345300000160933,1599.440300000002026,1
8497.343699999153614,1599.058999999993830,1
8502.342199999839067,1598.591799999994691,1
8507.340600000694394,1598.031199999997625,1
8512.339099999517202,1597.539600000003702,1
8517.337500000372529,1597.164300000004005,1
8522.335899999365211,1596.854099999996834,1
8527.334400000050664,1596.566399999996065,1
8532.332800000905991,1596.319799999997485,1
8537.331199999898672,1596.170499999992899,1
8542.329700000584126,1595.637100000007194,1
8547.328099999576807,1594.638099999996484,1
8552.326600000262260,1593.788899999999558,1
8557.324999999254942,1593.130399999994552,1
8562.323400000110269,1592.581799999999930,1
8567.321900000795722,1592.086500000004889,1
8572.320299999788404,1591.556599999996251,1
8577.318700000643730,1590.894400000004680,1
8582.317199999466538,1590.125100000004750,1
8587.315600000321865,1589.341300000000047,1
8592.314099999144673,1588.560400000002119,1
8597.312500000000000,1587.807400000005146,1
8602.310900000855327,1587.131299999993644,1
8607.309399999678135,1586.508300000001327,1
8612.307800000533462,1585.686100000006263,1
8617.306199999526143,1584.849199999996927,1
8622.304700000211596,1584.177700000000186,1
8627.303099999204278,1583.375100000004750,1
8632.301599999889731,1582.553700000004028,1
8637.300000000745058,1581.695999999996275,1
8642.298399999737740,1580.760399999999208,1
8647.296900000423193,1579.717799999998533,1
8652.295299999415874,1578.656700000006822,1
8657.293700000271201,1577.664099999994505,1
8662.292199999094009,1576.705600000001141,1
8667.290599999949336,1575.856400000004214,1
8672.289100000634789,1575.057199999995646,1
8677.287499999627471,1574.164600000003702,1
8682.285900000482798,1573.237200000003213,1
8687.284399999305606,1572.294099999999162,1
8692.282800000160933,1571.333599999998114,1
8697.281199999153614,1570.321400000000722,1
8702.279699999839067,1569.157800000000861,1
8707.278100000694394,1568.066699999995762,1
8712.276599999517202,1567.070800000001327,1
8717.275000000372529,1565.905700000002980,1
8722.273399999365211,1564.772299999996903,1
8727.271900000050664,1563.877299999992829,1
8732.270300000905991,1563.249899999995250,1
8737.268699999898672,1562.632199999992736,1
8742.267200000584126,1561.937799999999697,1
8747.265599999576807,1561.159199999994598,1
8752.264100000262260,1560.438399999999092,1
8757.262499999254942,1559.817200000004959,1
8762.260900000110269,1559.175000000002910,1
8767.259400000795722,1558.493199999997159,1
8772.257799999788404,1557.835000000006403,1
8777.256200000643730,1557.497499999997672,1
8782.254699999466538,1557.535099999993690,1
8787.253100000321865,1557.627699999997276,1
8792.251599999144673,1557.705499999996391,1
8797.250000000000000,1557.778500000000349,1
8802.248400000855327,1557.869600000005448,1
8807.246899999678135,1557.979800000000978,1
8812.245300000533462,1558.087100000004284,1
8817.243699999526143,1558.176699999996345,1
8822.242200000211596,1558.256699999998091,1
8827.240599999204278,1558.321299999995972,1
8832.239099999889731,1558.350099999996019,1
8837.237500000745058,1558.336999999999534,1
8842.235899999737740,1558.267699999996694,1
8847.234400000423193,1558.156199999997625,1
8852.232799999415874,1558.024699999994482,1
8857.231200000271201,1557.724499999996624,1
8862.229699999094009,1557.222500000003492,1
8867.228099999949336,1556.714999999996508,1
8872.226600000634789,1556.192299999995157,1
8877.224999999627471,1555.633499999996275,1
8882.223400000482798,1555.026800000006915,1
8887.221899999305606,1554.368400000006659,1
8892.220300000160933,1553.647500000006403,1
8897.218699999153614,1552.835200000001350,1
8902.217199999839067,1551.841700000004494,1
8907.215600000694394,1550.704400000002352,1
8912.214099999517202,1549.805600000006962,1
8917.212500000372529,1549.224499999996624,1
8922.210899999365211,1548.646599999992759,1
8927.209400000050664,1548.015799999993760,1
8932.207800000905991,1547.341899999999441,1
8937.206199999898672,1546.637900000001537,1
8942.204700000584126,1545.911200000002282,1
8947.203099999576807,1545.163899999999558,1
8952.201600000262260,1544.393400000000838,1
8957.199999999254942,1543.589800000001560,1
8962.198400000110269,1542.743600000001607,1
8967.196900000795722,1541.941800000000512,1
8972.195299999788404,1541.243400000006659,1
8977.193700000643730,1540.556200000006356,1
8982.192199999466538,1539.850500000000466,1
8987.190600000321865,1539.129899999999907,1
8992.189099999144673,1538.412100000001374,1
8997.187500000000000,1537.699399999997695,1
9002.185900000855327,1536.965899999995600,1
9007.184399999678135,1536.220900000000256,1
9012.182800000533462,1535.482300000003306,1
9017.181199999526143,1534.863100000002305,1
9022.179700000211596,1534.198999999993248,1
9027.178099999204278,1533.249200000005658,1
9032.176599999889731,1532.279299999994691,1
9037.175000000745058,1531.374700000000303,1
9042.173399999737740,1530.759399999995367,1
9047.171900000423193,1530.313500000003842,1
9052.170299999415874,1529.782000000006519,1
9057.168700000271201,1529.223800000007031,1
9062.167199999094009,1528.599499999996624,1
9067.165599999949336,1528.075299999996787,1
9072.164100000634789,1527.554199999998673,1
9077.162499999627471,1527.030400000003283,1
9082.160900000482798,1526.535900000002584,1
9087.159399999305606,1526.091899999999441,1
9092.157800000160933,1525.710000000006403,1
9097.156199999153614,1525.361099999994622,1
9102.154699999839067,1525.039600000003702,1
9107.153100000694394,1524.736099999994622,1
9112.151599999517202,1524.444900000002235,1
9117.150000000372529,1524.180800000001909,1
9122.148399999365211,1523.967099999994389,1
9127.146900000050664,1523.793099999995320,1
9132.145300000905991,1523.643700000000536,1
9137.143699999898672,1523.510299999994459,1
9142.142200000584126,1523.369399999995949,1
9147.140599999576807,1523.214200000002165,1
9152.139100000262260,1523.039799999998650,1
9157.137499999254942,1522.839000000007218,1
9162.135900000110269,1522.620100000000093,1
9167.134400000795722,1522.402499999996508,1
9172.132799999788404,1522.190799999996671,1
9177.131200000643730,1521.986499999999069,1
9182.129699999466538,1521.792600000000675,1
9187.128100000321865,1521.611799999998766,1
9192.126599999144673,1521.447199999995064,1
9197.125000000000000,1521.301099999996950,1
9202.123400000855327,1521.174700000003213,1
9207.121899999678135,1521.065799999996671,1
9212.120300000533462,1520.966199999995297,1
9217.118699999526143,1520.863800000006449,1
9222.117200000211596,1520.758600000001024,1
9227.115599999204278,1520.669099999999162,1
9232.114099999889731,1520.611600000003818,1
9237.112500000745058,1520.585600000005797,1
9242.110899999737740,1520.513800000000629,1
9247.109400000423193,1520.347999999998137,1
9252.107799999415874,1520.152499999996508,1
9257.106200000271201,1519.921400000006543,1
9262.104699999094009,1519.649499999999534,1
9267.103099999949336,1519.363599999996950,1
9272.101600000634789,1519.107699999993201,1
9277.099999999627471,1518.830499999996391,1
9282.098400000482798,1518.435599999997066,1
9287.096899999305606,1517.983800000001793,1
9292.095300000160933,1517.516900000002352,1
9297.093699999153614,1517.061700000005658,1
9302.092199999839067,1516.626600000003236,1
9307.090600000694394,1516.200200000006589,1
9312.089099999517202,1515.782399999996414,1
9317.087500000372529,1515.372300000002724,1
9322.085899999365211,1514.943100000004051,1
9327.084400000050664,1514.379899999999907,1
9332.082800000905991,1513.729200000001583,1
9337.081199999898672,1513.126699999993434,1
9342.079700000584126,1512.402799999996205,1
9347.078099999576807,1511.537800000005518,1
9352.076600000262260,1510.619500000000698,1
9357.074999999254942,1509.767300000006799,1
9362.073400000110269,1509.013800000000629,1
9367.071900000795722,1508.248000000006869,1
9372.070299999788404,1507.447000000000116,1
9377.068700000643730,1506.624200000005658,1
9382.067199999466538,1505.834199999997509,1
9387.065600000321865,1505.030799999993178,1
9392.064099999144673,1504.277300000001560,1
9397.062500000000000,1503.683600000003935,1
9402.060900000855327,1503.013200000001234,1
9407.059399999678135,1502.362999999997555,1
9412.057800000533462,1501.775500000003376,1
9417.056199999526143,1501.152199999996810,1
9422.054700000211596,1500.482699999993201,1
9427.053099999204278,1499.818499999993946,1
9432.051599999889731,1499.191900000005262,1
9437.050000000745058,1498.593800000002375,1
9442.048399999737740,1498.045899999997346,1
9447.046900000423193,1497.520600000003469,1
9452.045299999415874,1496.831600000004983,1
9457.043700000271201,1495.893599999995786,1
9462.042199999094009,1494.944499999997788,1
9467.040599999949336,1494.078399999998510,1
9472.039100000634789,1493.330199999996694,1
9477.037499999627471,1492.534199999994598,1
9482.035900000482798,1491.705700000005891,1
9487.034399999305606,1490.851299999994808,1
9492.032800000160933,1489.971399999994901,1
9497.031199999153614,1489.064899999997579,1
9502.029699999839067,1488.135200000004261,1
9507.028100000694394,1487.199900000006892,1
9512.026599999517202,1486.269899999999325,1
9517.025000000372529,1485.334099999992759,1
9522.023399999365211,1484.397599999996601,1
9527.021900000050664,1483.478300000002491,1
9532.020300000905991,1482.618300000001909,1
9537.018699999898672,1481.900800000003073,1
9542.017200000584126,1481.346399999994901,1
9547.015599999576807,1480.861900000003516,1
9552.014100000262260,1480.391000000003260,1
9557.012499999254942,1479.910399999993388,1
9562.010900000110269,1479.392399999996996,1
9567.009400000795722,1478.835000000006403,1
9572.007799999788404,1478.295199999993201,1
9577.006200000643730,1477.772700000001350,1
9582.004699999466538,1477.225099999996019,1
9587.003100000321865,1476.583100000003469,1
9592.001599999144673,1475.862599999993108,1
9597.000000000000000,1475.170100000003004,1
9601.998400000855327,1474.540399999998044,1
9606.996899999678135,1473.860199999995530,1
9611.995300000533462,1473.072000000000116,1
9616.993699999526143,1472.129799999995157,1
9621.992200000211596,1470.912700000000768,1
9626.990599999204278,1469.753599999996368,1
9631.989099999889731,1468.641000000003260,1
9636.987500000745058,1467.556200000006356,1
9641.985899999737740,1466.501499999998487,1
9646.984400000423193,1465.498300000006566,1
9651.982799999415874,1464.524499999999534,1
9656.981200000271201,1463.539099999994505,1
9661.979699999094009,1462.593699999997625,1
9666.978099999949336,1461.700599999996484,1
9671.976600000634789,1460.812699999994948,1
9676.974999999627471,1459.957800000003772,1
9681.973400000482798,1459.133100000006380,1
9686.971899999305606,1458.233500000002095,1
9691.970300000160933,1457.380900000003749,1
9696.968699999153614,1456.682499999995343,1
9701.967199999839067,1456.031700000006822,1
9706.965600000694394,1455.470000000001164,1
9711.964099999517202,1454.911999999996624,1
9716.962500000372529,1454.350900000004913,1
9721.960899999365211,1453.805200000002515,1
9726.959400000050664,1453.284499999994296,1
9731.957800000905991,1452.954299999997602,1
9736.956199999898672,1452.940000000002328,1
9741.954700000584126,1453.118000000002212,1
9746.953099999576807,1453.559699999997974,1
9751.951600000262260,1454.010999999998603,1
9756.949999999254942,1454.441099999996368,1
9761.948400000110269,1454.877999999996973,1
9766.946900000795722,1455.340899999995600,1
9771.945299999788404,1455.823499999998603,1
9776.943700000643730,1456.316500000000815,1
9781.942199999466538,1456.816999999995460,1
9786.940600000321865,1457.319499999997788,1
9791.939099999144673,1457.789199999999255,1
9796.937500000000000,1458.200899999996182,1
9801.935900000855327,1458.565300000002026,1
9806.934399999678135,1458.822899999999208,1
9811.932800000533462,1458.946800000005169,1
9816.931199999526143,1459.001199999998789,1
9821.929700000211596,1459.024699999994482,1
9826.928099999204278,1459.031000000002678,1
9831.926599999889731,1459.021099999998114,1
9836.925000000745058,1458.991699999998673,1
9841.923399999737740,1458.927599999995437,1
9846.921900000423193,1458.779200000004494,1
9851.920299999415874,1458.534799999993993,1
9856.918700000271201,1458.266900000002352,1
9861.917199999094009,1458.008600000001024,1
9866.915599999949336,1457.756999999997788,1
9871.914100000634789,1457.476200000004610,1
9876.912499999627471,1457.097500000003492,1
9881.910900000482798,1456.648700000005192,1
9886.909399999305606,1456.262799999996787,1
9891.907800000160933,1455.944600000002538,1
9896.906199999153614,1455.648499999995693,1
9901.904699999839067,1455.175700000007055,1
9906.903100000694394,1454.427999999999884,1
9911.901599999517202,1453.637100000007194,1
9916.900000000372529,1452.826000000000931,1
9921.898399999365211,1452.047699999995530,1
9926.896900000050664,1451.460200000001350,1
9931.895300000905991,1451.066200000001118,1
9936.893699999898672,1450.747700000007171,1
9941.892200000584126,1450.465599999995902,1
9946.890599999576807,1450.172000000005937,1
9951.889100000262260,1449.830600000001141,1
9956.887499999254942,1449.457500000004075,1
9961.885900000110269,1449.077199999999721,1
9966.884400000795722,1448.688399999999092,1
9971.882799999788404,1448.278900000004796,1
9976.881200000643730,1447.836800000004587,1
9981.879699999466538,1447.362699999997858,1
9986.878100000321865,1446.867400000002817,1
9991.876599999144673,1446.369000000006054,1
9996.875000000000000,1445.878400000001420,1
10001.873400000855327,1445.260599999994156,1
10006.871899999678135,1444.432300000000396,1
10011.870300000533462,1443.654599999994389,1
10016.868699999526143,1443.018100000001141,1
10021.867200000211596,1442.444900000002235,1
10026.865599999204278,1441.755399999994552,1
10031.864099999889731,1441.111399999994319,1
10036.862500000745058,1440.462599999998929,1
10041.860899999737740,1439.769899999999325,1
10046.859400000423193,1439.054900000002817,1
10051.857799999415874,1438.346000000005006,1
10056.856200000271201,1437.654399999999441,1
10061.854699999094009,1436.945300000006682,1
10066.853099999949336,1436.209199999997509,1
10071.851600000634789,1435.529299999994691,1
10076.849999999627471,1434.918699999994715,1
10081.848400000482798,1434.299599999998463,1
10086.846899999305606,1433.628800000005867,1
10091.845300000160933,1432.982199999998556,1
10096.843699999153614,1432.423699999999371,1
10101.842199999839067,1431.906600000002072,1
10106.840600000694394,1431.464900000006310,1
10111.839099999517202,1431.342999999993481,1
10116.837500000372529,1431.384600000004866,1
10121.835899999365211,1431.115499999999884,1
10126.834400000050664,1430.261199999993551,1
10131.832800000905991,1429.549199999994016,1
10136.831199999898672,1429.005499999999302,1
10141.829700000584126,1428.484400000001187,1
10146.828099999576807,1427.892699999996694,1
10151.826600000262260,1427.418000000005122,1
10156.824999999254942,1426.975099999996019,1
10161.823400000110269,1426.472500000003492,1
10166.821900000795722,1425.893899999995483,1
10171.820299999788404,1425.179199999998673,1
10176.818700000643730,1424.268500000005588,1
10181.817199999466538,1423.437900000004447,1
10186.815600000321865,1422.893700000000536,1
10191.814099999144673,1422.341100000005099,1
10196.812500000000000,1421.721499999999651,1
10201.810900000855327,1421.088000000003376,1
10206.809399999678135,1420.587700000003679,1
10211.807800000533462,1420.307400000005146,1
10216.806199999526143,1419.995200000004843,1
10221.804700000211596,1419.539999999993597,1
10226.803099999204278,1418.803299999999581,1
10231.801599999889731,1417.672999999995227,1
10236.800000000745058,1416.366999999998370,1
10241.798399999737740,1414.875700000004144,1
10246.796900000423193,1413.175399999992806,1
10251.795299999415874,1411.323999999993248,1
10256.793700000271201,1409.273900000000140,1
10261.792199999094009,1407.095100000005914,1
10266.790599999949336,1405.318199999994249,1
10271.789100000634789,1404.177599999995437,1
10276.787499999627471,1403.239900000000489,1
10281.785900000482798,1402.367299999998068,1
10286.784399999305606,1401.569099999993341,1
10291.782800000160933,1400.917799999995623,1
10296.781199999153614,1400.468900000007125,1
10301.779699999839067,1400.414799999998650,1
10306.778100000694394,1400.910799999997835,1
10311.776599999517202,1401.553199999994831,1
10316.775000000372529,1402.286200000002282,1
10321.773399999365211,1402.901899999997113,1
10326.771900000050664,1403.282300000006217,1
10331.770300000905991,1403.814299999998184,1
10336.768699999898672,1404.413799999994808,1
10341.767200000584126,1404.610100000005332,1
10346.765599999576807,1404.107999999992899,1
10351.764100000262260,1403.421400000006543,1
10356.762499999254942,1402.663599999999860,1
10361.760900000110269,1401.906799999997020,1
10366.759400000795722,1401.162800000005518,1
10371.757799999788404,1400.410199999998440,1
10376.756200000643730,1399.613400000002002,1
10381.754699999466538,1398.776700000002165,1
10386.753100000321865,1397.944199999998091,1
10391.751599999144673,1397.112399999998161,1
10396.750000000000000,1396.297900000005029,1
10401.748400000855327,1395.504199999995762,1
10406.746899999678135,1394.715299999996205,1
10411.745300000533462,1393.927100000000792,1
10416.743699999526143,1393.143500000005588,1
10421.742200000211596,1392.366999999998370,1
10426.740599999204278,1391.592300000003888,1
10431.739099999889731,1390.818199999994249,1
10436.737500000745058,1390.063999999998487,1
10441.735899999737740,1389.331900000004680,1
10446.734400000423193,1388.597099999999045,1
10451.732799999415874,1387.836400000000140,1
10456.731200000271201,1387.058000000004540,1
10461.729699999094009,1386.385899999993853,1
10466.728099999949336,1385.887000000002445,1
10471.726600000634789,1385.354300000006333,1
10476.724999999627471,1384.781600000002072,1
10481.723400000482798,1384.199299999992945,1
10486.721899999305606,1383.610300000000279,1
10491.720300000160933,1383.026500000007218,1
10496.718699999153614,1382.455499999996391,1
10501.717199999839067,1381.888600000005681,1
10506.715600000694394,1381.326000000000931,1
10511.714099999517202,1380.773199999995995,1
10516.712500000372529,1380.235300000000279,1
10521.710899999365211,1379.716599999999744,1
10526.709400000050664,1379.222399999998743,1
10531.707800000905991,1378.759000000005472,1
10536.706199999898672,1378.332500000004075,1
10541.704700000584126,1377.945399999996880,1
10546.703099999576807,1377.594800000006217,1
10551.701600000262260,1377.270799999998417,1
10556.699999999254942,1376.962499999994179,1
10561.698400000110269,1376.690400000006775,1
10566.696900000795722,1376.431400000001304,1
10571.695299999788404,1376.077199999999721,1
10576.693700000643730,1375.708899999997811,1
10581.692199999466538,1375.354999999995925,1
10586.690600000321865,1375.029899999994086,1
10591.689099999144673,1374.751900000002934,1
10596.687500000000000,1374.533299999995506,1
10601.685900000855327,1374.130799999998999,1
10606.684399999678135,1373.325599999996484,1
10611.682800000533462,1372.600600000005215,1
10616.681199999526143,1371.960000000006403,1
10621.679700000211596,1371.383100000006380,1
10626.678099999204278,1370.856499999994412,1
10631.676599999889731,1370.351800000004005,1
10636.675000000745058,1369.755399999994552,1
10641.673399999737740,1368.961699999999837,1
10646.671900000423193,1368.100699999995413,1
10651.670299999415874,1367.269799999994575,1
10656.668700000271201,1366.486799999998766,1
10661.667199999094009,1365.749800000005052,1
10666.665599999949336,1365.062000000005355,1
10671.664100000634789,1364.434699999997974,1
10676.662499999627471,1363.837499999994179,1
10681.660900000482798,1363.221099999995204,1
10686.659399999305606,1362.645699999993667,1
10691.657800000160933,1362.131399999998393,1
10696.656199999153614,1361.692299999995157,1
10701.654699999839067,1361.339099999997416,1
10706.653100000694394,1360.907200000001467,1
10711.651599999517202,1360.253899999996065,1
10716.650000000372529,1359.767800000001444,1
10721.648399999365211,1359.382100000002538,1
10726.646900000050664,1358.941399999996065,1
10731.645300000905991,1358.511199999993551,1
10736.643699999898672,1358.075299999996787,1
10741.642200000584126,1357.631899999993038,1
10746.640599999576807,1357.233300000007148,1
10751.639100000262260,1356.844299999997020,1
10756.637499999254942,1356.456500000000233,1
10761.635900000110269,1356.049400000003516,1
10766.634400000795722,1355.631099999998696,1
10771.632799999788404,1355.190700000006473,1
10776.631200000643730,1354.733800000001793,1
10781.629699999466538,1354.310200000007171,1
10786.628100000321865,1353.943199999994249,1
10791.626599999144673,1353.572700000004261,1
10796.625000000000000,1353.184200000003329,1
10801.623400000855327,1352.777799999996205,1
10806.621899999678135,1352.357699999993201,1
10811.620300000533462,1351.928899999998976,1
10816.618699999526143,1351.498000000006869,1
10821.617200000211596,1351.070900000006077,1
10826.615599999204278,1350.648300000000745,1
10831.614099999889731,1350.222699999998440,1
10836.612500000745058,1349.820699999996577,1
10841.610899999737740,1349.468099999998230,1
10846.609400000423193,1349.097399999998743,1
10851.607799999415874,1348.769899999999325,1
10856.606200000271201,1348.505099999994854,1
10861.604699999094009,1348.285499999998137,1
10866.603099999949336,1347.956399999995483,1
10871.601600000634789,1347.439499999993131,1
10876.599999999627471,1346.939799999992829,1
10881.598400000482798,1346.433000000004540,1
10886.596899999305606,1345.980999999999767,1
10891.595300000160933,1345.676399999996647,1
10896.593699999153614,1345.357600000003004,1
10901.592199999839067,1345.039300000004005,1
10906.590600000694394,1344.819300000002841,1
10911.589099999517202,1344.697499999994761,1
10916.587500000372529,1344.393100000001141,1
10921.585899999365211,1344.003299999996671,1
10926.584400000050664,1343.593200000002980,1
10931.582800000905991,1343.273600000000442,1
10936.581199999898672,1343.122499999997672,1
10941.579700000584126,1342.998099999997066,1
10946.578099999576807,1342.879000000000815,1
10951.576600000262260,1342.807300000000396,1
10956.574999999254942,1342.818400000003749,1
10961.573400000110269,1342.866399999998976,1
10966.571900000795722,1342.827699999994365,1
10971.570299999788404,1342.608200000002398,1
10976.568700000643730,1342.374100000000908,1
10981.567199999466538,1342.154099999999744,1
10986.565600000321865,1341.952799999999115,1
10991.564099999144673,1341.766499999997905,1
10996.562500000000000,1341.562600000004750,1
11001.560900000855327,1341.311700000005658,1
11006.559399999678135,1341.004899999999907,1
11011.557800000533462,1340.674599999998463,1
11016.556199999526143,1340.333700000002864,1
11021.554700000211596,1339.987999999997555,1
11026.553099999204278,1339.635299999994459,1
11031.551599999889731,1339.274600000004284,1
11036.550000000745058,1338.913599999999860,1
11041.548399999737740,1338.588099999993574,1
11046.546900000423193,1338.389899999994668,1
11051.545299999415874,1338.444600000002538,1
11056.543700000271201,1338.428499999994528,1
11061.542199999094009,1337.743300000001909,1
11066.540599999949336,1337.082599999994272,1
11071.539100000634789,1336.555800000001909,1
11076.537499999627471,1335.998699999996461,1
11081.535900000482798,1335.501199999998789,1
11086.534399999305606,1335.216400000004796,1
11091.532800000160933,1334.952799999999115,1
11096.531199999153614,1334.582500000004075,1
11101.529699999839067,1334.299100000003818,1
11106.528100000694394,1334.149000000004889,1
11111.526599999517202,1334.187000000005355,1
11116.525000000372529,1334.254899999999907,1
11121.523399999365211,1334.239199999996345,1
11126.521900000050664,1334.091000000000349,1
11131.520300000905991,1333.992199999993318,1
11136.518699999898672,1333.926999999996042,1
11141.517200000584126,1333.881200000003446,1
11146.515599999576807,1333.819699999992736,1
11151.514100000262260,1333.701499999995576,1
11156.512499999254942,1333.534899999998743,1
11161.510900000110269,1333.390599999998813,1
11166.509400000795722,1333.269899999999325,1
11171.507799999788404,1333.125700000004144,1
11176.506200000643730,1333.056400000001304,1
11181.504699999466538,1333.153399999995600,1
11186.503100000321865,1333.239499999996042,1
11191.501599999144673,1333.301500000001397,1
11196.500000000000000,1333.360799999994924,1
11201.498400000855327,1333.295199999993201,1
11206.496899999678135,1332.973199999993085,1
11211.495300000533462,1332.750199999994948,1
11216.493699999526143,1332.540699999997742,1
11221.492200000211596,1332.287299999996321,1
11226.490599999204278,1331.938200000004144,1
11231.489099999889731,1331.461899999994785,1
11236.487500000745058,1330.853799999997136,1
11241.485899999737740,1330.127999999996973,1
11246.484400000423193,1329.383900000000722,1
11251.482799999415874,1328.686199999996461,1
11256.481200000271201,1328.051999999996042,1
11261.479699999094009,1327.504400000005262,1
11266.478099999949336,1326.966799999994691,1
11271.476600000634789,1326.432499999995343,1
11276.474999999627471,1325.960000000006403,1
11281.473400000482798,1325.555600000006962,1
11286.471899999305606,1325.134300000005169,1
11291.470300000160933,1324.794800000003306,1
11296.468699999153614,1324.389800000004470,1
11301.467199999839067,1323.586500000004889,1
11306.465600000694394,1322.791299999997136,1
11311.464099999517202,1321.972099999999045,1
11316.462500000372529,1321.086500000004889,1
11321.460899999365211,1320.130300000004354,1
11326.459400000050664,1319.122700000007171,1
11331.457800000905991,1318.173200000004726,1
11336.456199999898672,1317.692299999995157,1
11341.454700000584126,1317.945399999996880,1
11346.453099999576807,1318.034299999999348,1
11351.451600000262260,1317.910600000002887,1
11356.449999999254942,1317.608500000002095,1
11361.448400000110269,1317.227499999993597,1
11366.446900000795722,1316.822499999994761,1
11371.445299999788404,1316.400599999993574,1
11376.443700000643730,1315.884200000000419,1
11381.442199999466538,1315.195800000001327,1
11386.440600000321865,1314.479099999996834,1
11391.439099999144673,1313.820000000006985,1
11396.437500000000000,1313.285999999992782,1
11401.435900000855327,1312.734899999995832,1
11406.434399999678135,1312.141199999998207,1
11411.432800000533462,1311.500899999999092,1
11416.431199999526143,1310.841700000004494,1
11421.429700000211596,1310.196299999995972,1
11426.428099999204278,1309.589600000006612,1
11431.426599999889731,1308.908100000000559,1
11436.425000000745058,1307.974400000006426,1
11441.423399999737740,1307.072199999995064,1
11446.421900000423193,1306.191000000006170,1
11451.420299999415874,1305.347200000003795,1
11456.418700000271201,1304.638600000005681,1
11461.417199999094009,1304.020499999998719,1
11466.415599999949336,1303.385299999994459,1
11471.414100000634789,1302.771999999997206,1
11476.412499999627471,1302.199399999997695,1
11481.410900000482798,1301.547000000005937,1
11486.409399999305606,1300.802400000000489,1
11491.407800000160933,1300.068400000003749,1
11496.406199999153614,1299.413400000004913,1
11501.404699999839067,1298.744399999995949,1
11506.403100000694394,1298.027300000001560,1
11511.401599999517202,1297.284100000004400,1
11516.400000000372529,1296.516000000003260,1
11521.398399999365211,1295.624100000000908,1
11526.396900000050664,1294.510399999999208,1
11531.395300000905991,1293.384799999999814,1
11536.393699999898672,1292.296700000006240,1
11541.392200000584126,1291.246700000003329,1
11546.390599999576807,1290.226800000004005,1
11551.389100000262260,1289.217199999999139,1
11556.387499999254942,1288.217799999998533,1
11561.385900000110269,1287.240799999999581,1
11566.384400000795722,1286.192299999995157,1
11571.382799999788404,1285.152199999996810,1
11576.381200000643730,1284.364799999995739,1
11581.379699999466538,1283.924899999998161,1
11586.378100000321865,1283.184299999993527,1
11591.376599999144673,1282.181299999996554,1
11596.375000000000000,1281.171199999997043,1
11601.373400000855327,1280.222899999993388,1
11606.371899999678135,1279.224799999996321,1
11611.370300000533462,1277.984800000005635,1
11616.368699999526143,1276.841400000004796,1
11621.367200000211596,1275.728499999997439,1
11626.365599999204278,1274.572199999995064,1
11631.364099999889731,1273.350800000000163,1
11636.362500000745058,1272.109599999996135,1
11641.360899999737740,1270.921100000006845,1
11646.359400000423193,1269.861499999999069,1
11651.357799999415874,1268.810400000002119,1
11656.356200000271201,1267.721999999994296,1
11661.354699999094009,1266.570600000006380,1
11666.353099999949336,1265.365300000004936,1
11671.351600000634789,1264.169800000003306,1
11676.349999999627471,1263.043900000004214,1
11681.348400000482798,1261.881200000003446,1
11686.346899999305606,1260.724700000006123,1
11691.345300000160933,1259.622399999992922,1
11696.343699999153614,1258.536300000007031,1
11701.342199999839067,1257.440499999996973,1
11706.340600000694394,1256.322000000000116,1
11711.339099999517202,1255.180300000007264,1
11716.337500000372529,1254.055699999997159,1
11721.335899999365211,1253.077199999999721,1
11726.334400000050664,1252.108699999997043,1
11731.332800000905991,1250.575400000001537,1
11736.331199999898672,1249.042799999995623,1
11741.329700000584126,1247.440300000002026,1
11746.328099999576807,1246.274600000004284,1
11751.326600000262260,1246.435599999997066,1
11756.324999999254942,1246.146900000007008,1
11761.323400000110269,1244.900800000003073,1
11766.321900000795722,1243.871400000003632,1
11771.320299999788404,1242.922900000005029,1
11776.318700000643730,1241.688599999994040,1
11781.317199999466538,1240.026899999997113,1
11786.315600000321865,1239.166800000006333,1
11791.314099999144673,1238.350500000000466,1
11796.312500000000000,1237.597500000003492,1
11801.310900000855327,1236.975399999995716,1
11806.309399999678135,1236.210800000000745,1
11811.307800000533462,1235.306700000001001,1
11816.306199999526143,1234.444000000003143,1
11821.304700000211596,1233.568499999993946,1
11826.303099999204278,1232.680399999997462,1
11831.301599999889731,1231.865799999999581,1
11836.300000000745058,1230.998200000001816,1
11841.298399999737740,1230.169599999993807,1
11846.296900000423193,1229.474700000006123,1
11851.295299999415874,1228.869300000005751,1
11856.293700000271201,1228.304199999998673,1
11861.292199999094009,1227.763200000001234,1
11866.290599999949336,1227.222299999993993,1
11871.289100000634789,1226.557300000000396,1
11876.287499999627471,1225.628500000006170,1
11881.285900000482798,1224.676300000006449,1
11886.284399999305606,1223.791599999996834,1
11891.282800000160933,1222.878899999996065,1
11896.281199999153614,1221.813299999994342,1
11901.279699999839067,1220.447400000004563,1
11906.278100000694394,1219.010999999998603,1
11911.276599999517202,1217.657099999996717,1
11916.275000000372529,1216.464399999997113,1
11921.273399999365211,1215.245699999999488,1
11926.271900000050664,1214.032699999996112,1
11931.270300000905991,1212.852100000003702,1
11936.268699999898672,1211.638900000005378,1
11941.267200000584126,1210.393500000005588,1
11946.265599999576807,1209.194099999993341,1
11951.264100000262260,1208.142000000007101,1
11956.262499999254942,1207.092399999994086,1
11961.260900000110269,1205.947100000004866,1
11966.259400000795722,1204.846000000005006,1
11971.257799999788404,1204.070399999996880,1
11976.256200000643730,1203.195999999996275,1
11981.254699999466538,1202.257700000001932,1
11986.253100000321865,1201.296600000001490,1
11991.251599999144673,1200.325500000006286,1
11996.250000000000000,1199.333199999993667,1
12001.248400000855327,1198.258000000001630,1
12006.246899999678135,1197.079899999996996,1
12011.245300000533462,1196.045599999997648,1
12016.243699999526143,1195.027600000001257,1
12021.242200000211596,1193.905799999993178,1
12026.240599999204278,1192.643700000000536,1
12031.239099999889731,1191.417499999995925,1
12036.237500000745058,1189.981700000003912,1
12041.235899999737740,1188.457599999994272,1
12046.234400000423193,1186.930500000002212,1
12051.232799999415874,1185.518500000005588,1
12056.231200000271201,1184.029299999994691,1
12061.229699999094009,1182.476399999999558,1
12066.228099999949336,1180.942599999994854,1
12071.226600000634789,1179.454500000007101,1
12076.224999999627471,1178.021200000002864,1
12081.223400000482798,1176.691699999995762,1
12086.221899999305606,1175.468099999998230,1
12091.220300000160933,1174.121499999993830,1
12096.218699999153614,1172.770600000003469,1
12101.217199999839067,1171.485599999999977,1
12106.215600000694394,1170.247600000002421,1
12111.214099999517202,1169.025399999998626,1
12116.212500000372529,1167.798999999999069,1
12121.210899999365211,1166.557799999995041,1
12126.209400000050664,1165.293000000005122,1
12131.207800000905991,1163.996299999998882,1
12136.206199999898672,1162.664699999993900,1
12141.204700000584126,1161.296700000006240,1
12146.203099999576807,1159.877099999997881,1
12151.201600000262260,1158.411800000001676,1
12156.199999999254942,1156.952199999999721,1
12161.198400000110269,1155.546000000002095,1
12166.196900000795722,1154.185200000007171,1
12171.195299999788404,1152.717900000003283,1
12176.193700000643730,1151.029999999998836,1
12181.192199999466538,1149.566600000005565,1
12186.190600000321865,1148.182400000005146,1
12191.189099999144673,1146.827799999999115,1
12196.187500000000000,1145.495500000004540,1
12201.185900000855327,1144.184699999997974,1
12206.184399999678135,1142.891300000002957,1
12211.182800000533462,1141.625400000004447,1
12216.181199999526143,1140.470799999995506,1
12221.179700000211596,1139.534299999999348,1
12226.178099999204278,1138.645000000004075,1
12231.176599999889731,1137.768700000000536,1
12236.175000000745058,1136.914799999998650,1
12241.173399999737740,1136.091400000004796,1
12246.171900000423193,1135.236699999994016,1
12251.170299999415874,1134.108200000002398,1
12256.168700000271201,1132.565600000001723,1
12261.167199999094009,1131.102400000003399,1
12266.165599999949336,1129.734500000005937,1
12271.164100000634789,1128.450500000006286,1
12276.162499999627471,1127.276700000002165,1
12281.160900000482798,1126.233399999997346,1
12286.159399999305606,1125.255600000004051,1
12291.157800000160933,1124.219899999996414,1
12296.156199999153614,1122.989100000006147,1
12301.154699999839067,1121.684200000003329,1
12306.153100000694394,1120.318700000003446,1
12311.151599999517202,1118.962199999994482,1
12316.150000000372529,1117.793600000004517,1
12321.148399999365211,1116.453699999998207,1
12326.146900000050664,1114.868600000001607,1
12331.145300000905991,1113.244900000005146,1
12336.143699999898672,1112.141600000002654,1
12341.142200000584126,1111.016199999998207,1
12346.140599999576807,1109.633900000000722,1
12351.139100000262260,1108.176500000001397,1
12356.137499999254942,1106.894299999999930,1
12361.135900000110269,1105.593699999997625,1
12366.134400000795722,1104.096000000005006,1
12371.132799999788404,1102.403000000005704,1
12376.131200000643730,1100.948199999998906,1
12381.129699999466538,1099.951000000000931,1
12386.128100000321865,1099.076199999995879,1
12391.126599999144673,1098.112699999997858,1
12396.125000000000000,1097.108900000006543,1
12401.123400000855327,1096.146900000007008,1
12406.121899999678135,1095.092099999994389,1
12411.120300000533462,1094.019100000004983,1
12416.118699999526143,1093.032900000005611,1
12421.117200000211596,1092.197599999999511,1
12426.115599999204278,1091.453200000003562,1
12431.114099999889731,1090.258300000001327,1
12436.112500000745058,1089.202000000004773,1
12441.110899999737740,1088.246400000003632,1
12446.109400000423193,1087.397700000001350,1
12451.107799999415874,1086.670800000007148,1
12456.106200000271201,1085.582800000003772,1
12461.104699999094009,1084.440799999996671,1
12466.103099999949336,1083.326799999995274,1
12471.101600000634789,1082.232499999998254,1
12476.099999999627471,1081.044200000003912,1
12481.098400000482798,1079.659299999999348,1
12486.096899999305606,1078.499599999995553,1
12491.095300000160933,1077.415299999993294,1
12496.093699999153614,1076.349400000006426,1
12501.092199999839067,1075.281000000002678,1
12506.090600000694394,1074.188999999998487,1
12511.089099999517202,1073.043000000005122,1
12516.087500000372529,1071.862800000002608,1
12521.085899999365211,1070.767300000006799,1
12526.084400000050664,1069.674700000003213,1
12531.082800000905991,1068.557000000000698,1
12536.081199999898672,1067.388800000000629,1
12541.079700000584126,1066.140599999998813,1
12546.078099999576807,1064.819799999997485,1
12551.076600000262260,1063.644000000000233,1
12556.074999999254942,1062.996499999993830,1
12561.073400000110269,1061.794200000003912,1
12566.071900000795722,1060.443799999993644,1
12571.070299999788404,1059.061600000000908,1
12576.068700000643730,1057.629100000005565,1
12581.067199999466538,1056.105700000000070,1
12586.065600000321865,1054.635800000003655,1
12591.064099999144673,1053.587899999998626,1
12596.062500000000000,1052.732799999997951,1
12601.060900000855327,1051.909199999994598,1
12606.059399999678135,1051.118700000006356,1
12611.057800000533462,1050.336500000004889,1
12616.056199999526143,1049.542700000005425,1
12621.054700000211596,1048.719500000006519,1
12626.053099999204278,1047.872300000002724,1
12631.051599999889731,1046.948799999998300,1
12636.050000000745058,1045.781799999997020,1
12641.048399999737740,1044.626799999998184,1
12646.046900000423193,1043.510299999994459,1
12651.045299999415874,1042.392800000001444,1
12656.043700000271201,1041.255399999994552,1
12661.042199999094009,1040.075800000005984,1
12666.040599999949336,1038.858699999997043,1
12671.039100000634789,1037.599000000001979,1
12676.037499999627471,1036.325800000005984,1
12681.035900000482798,1035.075800000005984,1
12686.034399999305606,1033.897599999996601,1
12691.032800000160933,1032.864900000000489,1
12696.031199999153614,1032.074200000002747,1
12701.029699999839067,1031.467699999993783,1
12706.028100000694394,1030.973800000007031,1
12711.026599999517202,1030.537500000005821,1
12716.025000000372529,1030.108200000002398,1
12721.023399999365211,1029.539799999998650,1
12726.021900000050664,1028.616099999999278,1
12731.020300000905991,1027.600300000005518,1
12736.018699999898672,1026.568700000003446,1
12741.017200000584126,1025.533999999999651,1
12746.015599999576807,1024.514400000000023,1
12751.014100000262260,1023.542799999995623,1
12756.012499999254942,1022.594700000001467,1
12761.010900000110269,1021.658299999995506,1
12766.009400000795722,1020.730899999995017,1
12771.007799999788404,1019.809299999993527,1
12776.006200000643730,1018.888900000005378,1
12781.004699999466538,1017.967799999998533,1
12786.003100000321865,1017.047900000005029,1
12791.001599999144673,1016.123000000006869,1
12796.000000000000000,1015.171900000001187,1
12800.998400000855327,1014.152799999996205,1
12805.996899999678135,1013.063599999994040,1
12810.995300000533462,1011.989000000001397,1
12815.993699999526143,1011.216599999999744,1
12820.992200000211596,1010.634300000005169,1
12825.990599999204278,1010.693700000003446,1
12830.989099999889731,1009.876300000003539,1
12835.987500000745058,1009.084199999997509,1
12840.985899999737740,1008.319499999997788,1
12845.984400000423193,1007.359700000000885,1
12850.982799999415874,1006.436400000005960,1
12855.981200000271201,1005.540900000007241,1
12860.979699999094009,1004.649999999994179,1
12865.978099999949336,1003.758300000001327,1
12870.976600000634789,1002.880399999994552,1
12875.974999999627471,1002.034499999994296,1
12880.973400000482798,1001.239499999996042,1
12885.971899999305606,1000.516699999992852,1
12890.970300000160933,999.865600000004633,1
12895.968699999153614,999.136799999992945,1
12900.967199999839067,998.058399999994435,1
12905.965600000694394,997.030899999997928,1
12910.964099999517202,996.123600000006263,1
12915.962500000372529,995.298699999999371,1
12920.960899999365211,994.505699999994249,1
12925.959400000050664,993.838199999998324,1
12930.957800000905991,993.229999999995925,1
12935.956199999898672,992.320099999997183,1
12940.954700000584126,991.337899999998626,1
12945.953099999576807,990.425000000002910,1
12950.951600000262260,989.588300000003073,1
12955.949999999254942,988.805099999997765,1
12960.948400000110269,988.121899999998277,1
12965.946900000795722,987.721399999994901,1
12970.945299999788404,987.340800000005402,1
12975.943700000643730,986.980599999995320,1
12980.942199999466538,986.654099999999744,1
12985.940600000321865,986.330400000006193,1
12990.939099999144673,985.964900000006310,1
12995.937500000000000,985.460600000005797,1
13000.935900000855327,984.643299999996088,1
13005.934399999678135,983.737399999998161,1
13010.932800000533462,982.841799999994691,1
13015.931199999526143,982.122600000002421,1
13020.929700000211596,981.804600000003120,1
13025.928099999204278,981.492400000002817,1
13030.926599999889731,981.078599999993457,1
13035.925000000745058,980.545199999993201,1
13040.923399999737740,979.763200000001234,1
13045.921900000423193,978.907999999995809,1
13050.920299999415874,978.034799999993993,1
13055.918700000271201,977.396900000007008,1
13060.917199999094009,977.141900000002352,1
13065.915599999949336,976.632599999997183,1
13070.914100000634789,976.254499999995460,1
13075.912499999627471,976.018200000005891,1
13080.910900000482798,975.906400000007125,1
13085.909399999305606,975.881699999998091,1
13090.907800000160933,975.826600000000326,1
13095.906199999153614,975.580400000006193,1
13100.904699999839067,975.368100000006962,1
13105.903100000694394,975.241599999993923,1
13110.901599999517202,975.197700000004261,1
13115.900000000372529,975.213199999998324,1
13120.898399999365211,975.201900000000023,1
13125.896900000050664,975.013399999996182,1
13130.895300000905991,974.736099999994622,1
13135.893699999898672,974.284899999998743,1
13140.892200000584126,973.777300000001560,1
13145.890599999576807,973.369000000006054,1
13150.889100000262260,973.457599999994272,1
13155.887499999254942,973.431100000001607,1
13160.885900000110269,973.403399999995600,1
13165.884400000795722,973.348100000002887,1
13170.882799999788404,973.030100000003586,1
13175.881200000643730,972.760699999998906,1
13180.879699999466538,972.504499999995460,1
13185.878100000321865,972.174100000003818,1
13190.876599999144673,971.876499999998487,1
13195.875000000000000,971.623200000001816,1
13200.873400000855327,971.367100000003120,1
13205.871899999678135,971.022100000001956,1
13210.870300000533462,970.696800000005169,1
13215.868699999526143,970.415099999998347,1
13220.867200000211596,970.165099999998347,1
13225.865599999204278,969.866800000003423,1
13230.864099999889731,969.585399999996298,1
13235.862500000745058,969.356799999994109,1
13240.860899999737740,969.206399999995483,1
13245.859400000423193,969.091599999999744,1
13250.857799999415874,968.859599999996135,1
13255.856200000271201,968.602100000003702,1
13260.854699999094009,968.339600000006612,1
13265.853099999949336,968.073699999993551,1
13270.851600000634789,967.771500000002561,1
13275.849999999627471,967.516699999992852,1
13280.848400000482798,967.371299999998882,1
13285.846899999305606,967.250499999994645,1
13290.845300000160933,967.056400000001304,1
13295.843699999153614,966.935700000001816,1
13300.842199999839067,966.892699999996694,1
13305.840600000694394,966.774799999999232,1
13310.839099999517202,966.817899999994552,1
13315.837500000372529,966.896399999997811,1
13320.835899999365211,966.907999999995809,1
13325.834400000050664,966.815700000006473,1
13330.832800000905991,966.755900000003749,1
13335.831199999898672,966.832500000004075,1
13340.829700000584126,967.008400000006077,1
13345.828099999576807,967.248500000001513,1
13350.826600000262260,967.456500000000233,1
13355.824999999254942,967.733200000002398,1
13360.823400000110269,968.057100000005448,1
13365.821900000795722,968.331300000005285,1
13370.820299999788404,968.707899999993970,1
13375.818700000643730,969.038799999994808,1
13380.817199999466538,968.778900000004796,1
13385.815600000321865,968.686100000006263,1
13390.814099999144673,968.765799999993760,1
13395.812500000000000,968.977799999993294,1
13400.810900000855327,969.247000000003027,1
13405.809399999678135,969.491899999993620,1
13410.807800000533462,969.731599999999162,1
13415.806199999526143,969.896599999992759,1
13420.804700000211596,969.857699999993201,1
13425.803099999204278,969.743499999996857,1
13430.801599999889731,969.521299999993062,1
13435.800000000745058,969.272599999996601,1
13440.798399999737740,968.993100000006962,1
13445.796900000423193,968.626199999998789,1
13450.795299999415874,968.289699999993900,1
13455.793700000271201,968.126600000003236,1
13460.792199999094009,967.881099999998696,1
13465.790599999949336,967.657099999996717,1
13470.789100000634789,967.497499999997672,1
13475.787499999627471,967.367899999997462,1
13480.785900000482798,967.128200000006473,1
13485.784399999305606,966.899399999994785,1
13490.782800000160933,966.611300000004121,1
13495.781199999153614,966.074999999997090,1
13500.779699999839067,965.642699999996694,1
13505.778100000694394,965.239000000001397,1
13510.776599999517202,965.035199999998440,1
13515.775000000372529,965.262499999997090,1
13520.773399999365211,965.597699999998440,1
13525.771900000050664,965.955799999996088,1
13530.770300000905991,966.303100000004633,1
13535.768699999898672,966.580000000001746,1
13540.767200000584126,966.858800000001793,1
13545.765599999576807,967.147500000006403,1
13550.764100000262260,967.438999999998487,1
13555.762499999254942,967.720300000000861,1
13560.760900000110269,967.977400000003399,1
13565.759400000795722,968.246899999998277,1
13570.757799999788404,968.576799999995274,1
13575.756200000643730,969.015100000004168,1
13580.754699999466538,969.509999999994761,1
13585.753100000321865,970.035099999993690,1
13590.751599999144673,970.470600000000559,1
13595.750000000000000,970.868199999997159,1
13600.748400000855327,971.247099999993225,1
13605.746899999678135,971.616099999999278,1
13610.745300000533462,971.985799999994924,1
13615.743699999526143,972.366599999993923,1
13620.742200000211596,972.712599999998929,1
13625.740599999204278,973.001300000003539,1
13630.739099999889731,973.185700000001816,1
13635.737500000745058,973.178299999999581,1
13640.735899999737740,973.034499999994296,1
13645.734400000423193,973.313599999994040,1
13650.732799999415874,973.756200000003446,1
13655.731200000271201,974.186799999995856,1
13660.729699999094009,974.563999999998487,1
13665.728099999949336,974.932000000000698,1
13670.726600000634789,975.292600000000675,1
13675.724999999627471,975.658500000005006,1
13680.723400000482798,975.941900000005262,1
13685.721899999305606,976.007299999997485,1
13690.720300000160933,976.105599999995320,1
13695.718699999153614,976.242100000003120,1
13700.717199999839067,976.470600000000559,1
13705.715600000694394,976.750100000004750,1
13710.714099999517202,977.051000000006752,1
13715.712500000372529,977.213099999993574,1
13720.710899999365211,977.402000000001863,1
13725.709400000050664,977.565100000007078,1
13730.707800000905991,977.601800000004005,1
13735.706199999898672,977.658899999994901,1
13740.704700000584126,977.781300000002375,1
13745.703099999576807,977.954299999997602,1
13750.701600000262260,978.269700000004377,1
13755.699999999254942,978.624400000000605,1
13760.698400000110269,978.996799999993527,1
13765.696900000795722,979.363500000006752,1
13770.695299999788404,979.687099999995553,1
13775.693700000643730,979.953899999993155,1
13780.692199999466538,980.179000000003725,1
13785.690600000321865,980.379899999999907,1
13790.689099999144673,980.536399999997229,1
13795.687500000000000,980.660300000003190,1
13800.685900000855327,980.759600000004866,1
13805.684399999678135,980.843900000007125,1
13810.682800000533462,980.936300000001211,1
13815.681199999526143,981.002900000006775,1
13820.679700000211596,981.031600000002072,1
13825.678099999204278,980.998000000006869,1
13830.676599999889731,980.895600000003469,1
13835.675000000745058,980.748699999996461,1
13840.673399999737740,980.629000000000815,1
13845.671900000423193,980.688299999994342,1
13850.670299999415874,980.736900000003516,1
13855.668700000271201,980.560500000006869,1
13860.667199999094009,980.425900000002002,1
13865.665599999949336,980.279099999999744,1
13870.664100000634789,980.202099999994971,1
13875.662499999627471,980.694099999993341,1
13880.660900000482798,980.877200000002631,1
13885.659399999305606,980.975000000005821,1
13890.657800000160933,981.064400000002934,1
13895.656199999153614,981.108200000002398,1
13900.654699999839067,980.990000000005239,1
13905.653100000694394,980.845700000005309,1
13910.651599999517202,980.697700000004261,1
13915.650000000372529,980.557000000000698,1
13920.648399999365211,980.426699999996345,1
13925.646900000050664,980.358900000006543,1
13930.645300000905991,980.472599999993690,1
13935.643699999898672,980.602199999993900,1
13940.642200000584126,980.728300000002491,1
13945.640599999576807,980.945300000006682,1
13950.639100000262260,981.163599999999860,1
13955.637499999254942,980.907800000000861,1
13960.635900000110269,980.703099999998813,1
13965.634400000795722,980.533899999994901,1
13970.632799999788404,980.407999999995809,1
13975.631200000643730,980.478799999997136,1
13980.629699999466538,980.496799999993527,1
13985.628100000321865,980.487299999993411,1
13990.626599999144673,980.463199999998324,1
13995.625000000000000,980.429099999993923,1
14000.623400000855327,980.386199999993551,1
14005.621899999678135,980.324800000002142,1
14010.620300000533462,980.228300000002491,1
14015.618699999526143,980.154099999999744,1
14020.617200000211596,980.121899999998277,1
14025.615599999204278,980.024799999999232,1
14030.614099999889731,979.887100000007194,1
14035.612500000745058,979.648300000000745,1
14040.610899999737740,979.152300000001560,1
14045.609400000423193,978.495699999999488,1
14050.607799999415874,977.792499999995925,1
14055.606200000271201,977.743199999997159,1
14060.604699999094009,977.884300000005169,1
14065.603099999949336,978.107499999998254,1
14070.601600000634789,978.308999999993830,1
14075.599999999627471,978.457800000003772,1
14080.598400000482798,978.563500000003842,1
14085.596899999305606,978.601800000004005,1
14090.595300000160933,978.564499999993131,1
14095.593699999153614,978.497499999997672,1
14100.592199999839067,978.622900000002119,1
14105.590600000694394,978.709799999996903,1
14110.589099999517202,978.772700000001350,1
14115.587500000372529,978.835600000005797,1
14120.585899999365211,978.897800000006100,1
14125.584400000050664,978.953500000003260,1
14130.582800000905991,978.998399999996764,1
14135.581199999898672,979.032200000001467,1
14140.579700000584126,979.054999999993015,1
14145.578099999576807,979.052899999995134,1
14150.576600000262260,978.943899999998393,1
14155.574999999254942,978.856299999999464,1
14160.573400000110269,978.861300000004121,1
14165.571900000795722,978.867100000003120,1
14170.570299999788404,978.854200000001583,1
14175.568700000643730,978.831000000005588,1
14180.567199999466538,978.782300000006217,1
14185.565600000321865,978.616999999998370,1
14190.564099999144673,978.526599999997416,1
14195.562500000000000,978.769899999999325,1
14200.560900000855327,979.072899999999208,1
14205.559399999678135,979.368900000001304,1
14210.557800000533462,979.654999999998836,1
14215.556199999526143,979.936600000000908,1
14220.554700000211596,980.231199999994715,1
14225.553099999204278,980.602100000003702,1
14230.551599999889731,980.794699999998556,1
14235.550000000745058,980.906099999992875,1
14240.548399999737740,981.015799999993760,1
14245.546900000423193,981.177899999995134,1
14250.545299999415874,981.443199999994249,1
14255.543700000271201,981.750299999999697,1
14260.542199999094009,982.057100000005448,1
14265.540599999949336,982.295400000002701,1
14270.539100000634789,982.630199999999604,1
14275.537499999627471,983.071800000005169,1
14280.535900000482798,983.208700000002864,1
14285.534399999305606,983.302100000000792,1
14290.532800000160933,983.139100000000326,1
14295.531199999153614,982.791299999997136,1
14300.529699999839067,982.436799999995856,1
14305.528100000694394,982.618300000001909,1
14310.526599999517202,982.769199999995180,1
14315.525000000372529,982.986499999999069,1
14320.523399999365211,983.112999999997555,1
14325.521900000050664,983.094700000001467,1
14330.520300000905991,983.033699999999953,1
14335.518699999898672,983.589900000006310,1
14340.517200000584126,984.025299999993877,1
14345.515599999576807,984.337899999998626,1
14350.514100000262260,984.570300000006682,1
14355.512499999254942,984.748099999997066,1
14360.510900000110269,984.872600000002421,1
14365.509400000795722,984.878700000001118,1
14370.507799999788404,984.592199999999139,1
14375.506200000643730,984.187200000000303,1
14380.504699999466538,983.680699999997159,1
14385.503100000321865,983.029200000004494,1
14390.501599999144673,982.172800000000279,1
14395.500000000000000,981.071299999995972,1
14400.498400000855327,979.976399999999558,1
14405.496899999678135,980.492800000007264,1
14410.495300000533462,980.809299999993527,1
14415.493699999526143,980.912700000000768,1
14420.492200000211596,980.905299999998533,1
14425.490599999204278,980.872099999993225,1
14430.489099999889731,980.864600000000792,1
14435.487500000745058,980.845400000005611,1
14440.485899999737740,980.803700000004028,1
14445.484400000423193,980.869999999995343,1
14450.482799999415874,981.410799999997835,1
14455.481200000271201,982.215899999995600,1
14460.479699999094009,982.583899999997811,1
14465.478099999949336,982.935800000006566,1
14470.476600000634789,983.253899999996065,1
14475.474999999627471,983.498200000001816,1
14480.473400000482798,983.662299999996321,1
14485.471899999305606,983.806700000001001,1
14490.470300000160933,983.955499999996391,1
14495.468699999153614,984.129300000000512,1
14500.467199999839067,984.283500000005006,1
14505.465600000694394,984.438200000004144,1
14510.464099999517202,984.611199999999371,1
14515.462500000372529,984.804699999993318,1
14520.460899999365211,985.014899999994668,1
14525.459400000050664,985.235599999999977,1
14530.457800000905991,985.459900000001653,1
14535.456199999898672,985.683799999998882,1
14540.454700000584126,985.905700000002980,1
14545.453099999576807,986.127500000002328,1
14550.451600000262260,986.353199999997742,1
14555.449999999254942,986.589800000001560,1
14560.448400000110269,986.846999999994296,1
14565.446900000795722,987.135500000003958,1
14570.445299999788404,987.526199999992969,1
14575.443700000643730,988.129600000000210,1
14580.442199999466538,988.800600000002305,1
14585.440600000321865,989.458899999997811,1
14590.439099999144673,990.078699999998207,1
14595.437500000000000,990.652799999996205,1
14600.435900000855327,991.175799999997253,1
14605.434399999678135,991.642000000007101,1
14610.432800000533462,992.056599999996251,1
14615.431199999526143,992.448799999998300,1
14620.429700000211596,992.820999999996275,1
14625.428099999204278,993.170700000002398,1
14630.426599999889731,993.488700000001700,1
14635.425000000745058,993.755099999994854,1
14640.423399999737740,993.987899999992806,1
14645.421900000423193,994.461999999999534,1
14650.420299999415874,994.923500000004424,1
14655.418700000271201,995.385200000004261,1
14660.417199999094009,995.846300000004703,1
14665.415599999949336,996.297600000005332,1
14670.414100000634789,996.739400000005844,1
14675.412499999627471,997.165099999998347,1
14680.410900000482798,997.563800000003539,1
14685.409399999305606,997.959099999992759,1
14690.407800000160933,998.368700000006356,1
14695.406199999153614,998.806800000005751,1
14700.404699999839067,999.283500000005006,1
14705.403100000694394,999.763000000006286,1
14710.401599999517202,1000.047099999996135,1
14715.400000000372529,1000.326700000005076,1
14720.398399999365211,1000.542400000005728,1
14725.396900000050664,1000.771399999997811,1
14730.395300000905991,1001.047800000000279,1
14735.393699999898672,1001.415599999992992,1
14740.392200000584126,1001.825700000001234,1
14745.390599999576807,1002.259900000004563,1
14750.389100000262260,1002.712499999994179,1
14755.387499999254942,1003.140599999998813,1
14760.385900000110269,1003.314299999998184,1
14765.384400000795722,1003.452900000003865,1
14770.382799999788404,1003.621799999993527,1
14775.381200000643730,1004.173800000004121,1
14780.379699999466538,1004.751900000002934,1
14785.378100000321865,1005.134399999995367,1
14790.376599999144673,1005.485599999999977,1
14795.375000000000000,1005.855899999995017,1
14800.373400000855327,1006.237699999997858,1
14805.371899999678135,1006.587299999999232,1
14810.370300000533462,1007.048800000004121,1
14815.368699999526143,1007.316699999995762,1
14820.367200000211596,1007.643299999996088,1
14825.365599999204278,1008.374800000005052,1
14830.364099999889731,1009.122600000002421,1
14835.362500000745058,1009.925900000002002,1
14840.360899999737740,1010.736399999994319,1
14845.359400000423193,1011.520799999998417,1
14850.357799999415874,1012.261400000003050,1
14855.356200000271201,1012.956799999999930,1
14860.354699999094009,1013.576100000005681,1
14865.353099999949336,1014.176200000001700,1
14870.351600000634789,1014.801800000001094,1
14875.349999999627471,1015.643800000005285,1
14880.348400000482798,1016.460200000001350,1
14885.346899999305606,1016.817500000004657,1
14890.345300000160933,1017.182300000000396,1
14895.343699999153614,1017.590200000006007,1
14900.342199999839067,1018.047099999996135,1
14905.340600000694394,1018.548500000004424,1
14910.339099999517202,1019.037500000005821,1
14915.337500000372529,1019.355200000005425,1
14920.335899999365211,1019.670499999992899,1
14925.334400000050664,1020.044399999998859,1
14930.332800000905991,1020.539099999994505,1
14935.331199999898672,1021.092900000003283,1
14940.329700000584126,1021.702499999999418,1
14945.328099999576807,1022.389999999999418,1
14950.326600000262260,1023.117800000007264,1
14955.324999999254942,1023.858600000006845,1
14960.323400000110269,1024.584099999992759,1
14965.321900000795722,1025.326400000005378,1
14970.320299999788404,1026.097699999998440,1
14975.318700000643730,1026.882599999997183,1
14980.317199999466538,1027.653699999995297,1
14985.315600000321865,1028.389200000005076,1
14990.314099999144673,1029.110499999995227,1
14995.312500000000000,1029.840100000001257,1
15000.310900000855327,1030.582099999999627,1
15005.309399999678135,1031.278200000000652,1
15010.307800000533462,1031.777900000000955,1
15015.306199999526143,1032.506399999998393,1
15020.304700000211596,1033.313999999998487,1
15025.303099999204278,1034.145900000003166,1
15030.301599999889731,1034.985400000005029,1
15035.300000000745058,1035.826499999995576,1
15040.298399999737740,1036.675300000002608,1
15045.296900000423193,1037.537800000005518,1
15050.295299999415874,1038.414499999998952,1
15055.293700000271201,1039.304999999993015,1
15060.292199999094009,1040.209400000007008,1
15065.290599999949336,1041.127200000002631,1
15070.289100000634789,1042.046900000001187,1
15075.287499999627471,1042.901199999992969,1
15080.285900000482798,1043.500000000000000,1
15085.284399999305606,1044.029999999998836,1
15090.282800000160933,1044.532900000005611,1
15095.281199999153614,1045.003299999996671,1
15100.279699999839067,1045.455300000001444,1
15105.278100000694394,1046.095000000001164,1
15110.276599999517202,1046.693499999993946,1
15115.275000000372529,1047.233099999997648,1
15120.273399999365211,1047.754000000000815,1
15125.271900000050664,1048.485100000005332,1
15130.270300000905991,1049.208599999998114,1
15135.268699999898672,1050.281799999997020,1
15140.267200000584126,1051.341100000005099,1
15145.265599999576807,1052.368300000001909,1
15150.264100000262260,1053.368100000006962,1
15155.262499999254942,1054.351200000004610,1
15160.260900000110269,1055.332399999999325,1
15165.259400000795722,1056.317200000004959,1
15170.257799999788404,1057.269199999995180,1
15175.256200000643730,1058.148300000000745,1
15180.254699999466538,1058.953599999993457,1
15185.253100000321865,1059.713699999992969,1
15190.251599999144673,1060.447199999995064,1
15195.250000000000000,1061.152700000006007,1
15200.248400000855327,1061.796000000002095,1
15205.246899999678135,1062.292100000006030,1
15210.245300000533462,1062.721600000004400,1
15215.243699999526143,1063.107300000003306,1
15220.242200000211596,1063.448199999998906,1
15225.240599999204278,1063.737599999993108,1
15230.239099999889731,1063.971699999994598,1
15235.237500000745058,1064.207899999993970,1
15240.235899999737740,1064.559800000002724,1
15245.234400000423193,1065.044599999993807,1
15250.232799999415874,1065.768299999996088,1
15255.231200000271201,1066.579400000002352,1
15260.229699999094009,1067.410099999993690,1
15265.228099999949336,1068.260399999999208,1
15270.226600000634789,1069.273499999995693,1
15275.224999999627471,1070.241999999998370,1
15280.223400000482798,1071.098400000002584,1
15285.221899999305606,1071.823099999994156,1
15290.220300000160933,1072.415099999998347,1
15295.218699999153614,1072.931700000001001,1
15300.217199999839067,1073.387900000001537,1
15305.215600000694394,1073.780299999998533,1
15310.214099999517202,1074.086599999995087,1
15315.212500000372529,1074.355500000005122,1
15320.210899999365211,1074.617700000002515,1
15325.209400000050664,1074.892699999996694,1
15330.207800000905991,1075.174899999998161,1
15335.206199999898672,1075.473400000002584,1
15340.204700000584126,1075.777400000006310,1
15345.203099999576807,1076.079299999997602,1
15350.201600000262260,1076.362500000002910,1
15355.199999999254942,1076.610100000005332,1
15360.198400000110269,1076.823999999993248,1
15365.196900000795722,1077.136599999997998,1
15370.195299999788404,1077.405499999993481,1
15375.193700000643730,1077.634999999994761,1
15380.192199999466538,1077.855100000000675,1
15385.190600000321865,1078.122199999997974,1
15390.189099999144673,1078.586899999994785,1
15395.187500000000000,1079.047600000005332,1
15400.185900000855327,1079.461500000004889,1
15405.184399999678135,1079.826400000005378,1
15410.182800000533462,1080.188899999993737,1
15415.181199999526143,1080.628200000006473,1
15420.179700000211596,1081.057000000000698,1
15425.178099999204278,1081.468399999997928,1
15430.176599999889731,1081.881399999998393,1
15435.175000000745058,1082.287500000005821,1
15440.173399999737740,1082.391900000002352,1
15445.171900000423193,1082.500799999994342,1
15450.170299999415874,1082.597999999998137,1
15455.168700000271201,1082.627399999997579,1
15460.167199999094009,1082.557000000000698,1
15465.165599999949336,1082.799599999998463,1
15470.164100000634789,1083.147100000001956,1
15475.162499999627471,1083.450700000001234,1
15480.160900000482798,1083.673099999999977,1
15485.159399999305606,1083.803799999994226,1
15490.157800000160933,1083.880000000004657,1
15495.156199999153614,1084.062999999994645,1
15500.154699999839067,1084.178899999998976,1
15505.153100000694394,1084.222399999998743,1
15510.151599999517202,1084.327199999999721,1
15515.150000000372529,1084.299299999998766,1
15520.148399999365211,1084.144899999999325,1
15525.146900000050664,1083.875599999999395,1
15530.145300000905991,1083.752999999996973,1
15535.143699999898672,1083.517699999996694,1
15540.142200000584126,1083.256099999998696,1
15545.140599999576807,1082.944000000003143,1
15550.139100000262260,1082.407000000006519,1
15555.137499999254942,1081.867400000002817,1
15560.135900000110269,1081.391600000002654,1
15565.134400000795722,1080.982999999992899,1
15570.132799999788404,1080.760999999998603,1
15575.131200000643730,1080.513000000006286,1
15580.129699999466538,1080.222399999998743,1
15585.128100000321865,1079.962299999999232,1
15590.126599999144673,1079.771599999992759,1
15595.125000000000000,1079.661399999997229,1
15600.123400000855327,1079.863100000002305,1
15605.121899999678135,1080.097999999998137,1
15610.120300000533462,1080.325700000001234,1
15615.118699999526143,1080.528200000000652,1
15620.117200000211596,1080.673399999999674,1
15625.115599999204278,1080.671499999996740,1
15630.114099999889731,1080.576000000000931,1
15635.112500000745058,1080.420400000002701,1
15640.110899999737740,1080.370999999999185,1
15645.109400000423193,1080.096000000005006,1
15650.107799999415874,1079.785799999997835,1
15655.106200000271201,1079.575299999996787,1
15660.104699999094009,1079.482000000003609,1
15665.103099999949336,1078.949800000002142,1
15670.101600000634789,1078.448300000003655,1
15675.099999999627471,1077.967000000004191,1
15680.098400000482798,1077.466700000004494,1
15685.096899999305606,1076.951000000000931,1
15690.095300000160933,1076.425399999992806,1
15695.093699999153614,1075.913400000004913,1
15700.092199999839067,1075.503700000001118,1
15705.090600000694394,1075.053299999999581,1
15710.089099999517202,1074.666100000002189,1
15715.087500000372529,1073.893100000001141,1
15720.085899999365211,1073.325500000006286,1
15725.084400000050664,1072.830700000005891,1
15730.082800000905991,1072.370899999994435,1
15735.081199999898672,1071.957500000004075,1
15740.079700000584126,1071.627399999997579,1
15745.078099999576807,1071.382899999996880,1
15750.076600000262260,1070.544599999993807,1
15755.074999999254942,1069.608099999997648,1
15760.073400000110269,1069.254600000000210,1
15765.071900000795722,1068.931400000001304,1
15770.070299999788404,1068.600699999995413,1
15775.068700000643730,1068.136400000003050,1
15780.067199999466538,1067.701600000000326,1
15785.065600000321865,1067.375199999994948,1
15790.064099999144673,1067.148799999995390,1
15795.062500000000000,1067.006299999993644,1
15800.060900000855327,1066.329100000002654,1
15805.059399999678135,1065.784100000004400,1
15810.057800000533462,1065.355299999995623,1
15815.056199999526143,1064.900800000003073,1
15820.054700000211596,1064.350099999996019,1
15825.053099999204278,1063.815600000001723,1
15830.051599999889731,1062.962599999998929,1
15835.050000000745058,1062.166500000006636,1
15840.048399999737740,1061.430900000006659,1
15845.046900000423193,1060.718500000002678,1
15850.045299999415874,1059.954800000006799,1
15855.043700000271201,1059.180999999996857,1
15860.042199999094009,1058.413899999999558,1
15865.040599999949336,1057.732300000003306,1
15870.039100000634789,1057.119699999995646,1
15875.037499999627471,1056.501699999993434,1
15880.035900000482798,1055.872300000002724,1
15885.034399999305606,1055.195600000006380,1
15890.032800000160933,1054.501799999998184,1
15895.031199999153614,1053.802999999999884,1
15900.029699999839067,1053.097500000003492,1
15905.028100000694394,1052.382800000006682,1
15910.026599999517202,1051.659899999998743,1
15915.025000000372529,1050.925499999997555,1
15920.023399999365211,1050.128100000001723,1
15925.021900000050664,1049.051000000006752,1
15930.020300000905991,1047.967999999993481,1
15935.018699999898672,1046.955900000000838,1
15940.017200000584126,1046.028699999995297,1
15945.015599999576807,1045.226299999994808,1
15950.014100000262260,1044.693199999994249,1
15955.012499999254942,1044.154299999994691,1
15960.010900000110269,1043.674400000003516,1
15965.009400000795722,1043.311100000006263,1
15970.007799999788404,1043.017900000006193,1
15975.006200000643730,1042.444900000002235,1
15980.004699999466538,1041.973400000002584,1
15985.003100000321865,1041.834799999996903,1
15990.001599999144673,1041.920800000007148,1
15995.000000000000000,1042.145900000003166,1
0.000000000000000,326.068599999998696,3
4.998400063944273,326.205199999996694,3
9.996900127717691,326.392800000001444,3
14.995300176657473,326.640599999998813,3
19.993700241533368,326.961599999995087,3
24.992200305306486,327.363899999996647,3
29.990600369251055,327.827399999994668,3
34.989100433024475,328.328999999997905,3
39.987500481963998,328.850800000000163,3
44.985900545908571,329.379899999999907,3
49.984400610613307,329.909700000003795,3
54.982800674557879,330.442800000004354,3
59.981200738502153,330.984599999996135,3
64.979700802275573,331.539699999993900,3
69.978100851215359,332.109700000000885,3
74.976600914988481,332.695399999996880,3
79.975000978933053,333.300900000002002,3
84.973401042877626,333.942299999995157,3
89.971901107582369,334.642900000006193,3
94.970301156521884,335.395099999994272,3
99.968701220466457,336.119099999996251,3
104.967201284239877,336.886799999992945,3
109.965601348184151,337.682700000004843,3
114.964101412888894,338.468399999997928,3
119.962501461828680,339.280899999997928,3
124.960901525772954,340.130799999998999,3
129.959401589546360,340.954599999997299,3
134.957801653490918,341.806400000001304,3
139.956201717435476,342.686600000000908,3
144.954701766204153,343.591599999999744,3
149.953101830148711,344.524199999999837,3
154.951601894853439,345.494800000000396,3
159.950001958797998,346.517800000001444,3
164.948402022742272,347.572400000004563,3
169.946902086515678,348.454700000002049,3
174.945302135455449,349.336599999995087,3
179.943702199399723,350.158299999995506,3
184.942202264104452,350.987999999997555,3
189.940602328049010,351.839600000006612,3
194.939102391822416,352.699200000002747,3
199.937502440761932,353.542100000006030,3
204.935902504706490,354.385800000003655,3
209.934402568479896,355.241899999993620,3
214.932802632424170,356.114400000005844,3
219.931202697300051,357.003400000001420,3
224.929702746068983,357.902300000001560,3
229.928102810013257,358.786200000002282,3
234.926602873786663,359.722299999993993,3
239.925002937731222,360.732499999998254,3
244.923403001675780,361.800300000002608,3
249.921903066380224,362.474000000001979,3
254.920303115319996,363.130499999999302,3
259.918703179264583,363.669999999998254,3
264.917203243037704,364.550700000007055,3
269.915603306982291,365.522700000001350,3
274.914103370755697,366.389100000000326,3
279.912503419695497,366.852199999993900,3
284.910903483639743,367.408200000005309,3
289.909403548344471,368.156400000007125,3
294.907803612289058,368.973100000002887,3
299.906203676233304,369.681100000001607,3
304.904703725002207,370.364100000006147,3
309.903103788946794,371.044899999993504,3
314.901603853651523,371.721499999999651,3
319.900003917595768,372.392999999996391,3
324.898403981540355,373.059399999998277,3
329.896904030309258,373.719299999997020,3
334.895304094253504,374.369900000005146,3
339.893704158198091,375.009399999995367,3
344.892204221971497,375.638900000005378,3
349.890604285916083,376.261400000003050,3
354.889104350620528,376.880999999993946,3
359.887504399560328,377.501999999993131,3
364.885904463504914,378.128100000001723,3
369.884404527278036,378.763000000006286,3
374.882804591222623,379.410799999997835,3
379.881204655167210,380.074500000002445,3
384.879704704867436,380.750100000004750,3
389.878104768811681,381.417400000005728,3
394.876604832585087,382.041299999997136,3
399.875004896529674,382.637400000006892,3
404.873404960473920,383.198999999993248,3
409.871905009242823,383.694699999992736,3
414.870305073187410,384.157099999996717,3
419.868705138063319,384.605899999995017,3
424.867205201836441,385.047200000000885,3
429.865605265781028,385.501199999998789,3
434.864105314549931,386.128700000001118,3
439.862505378494177,386.769899999999325,3
444.860905442438764,387.408800000004703,3
449.859405507143492,387.950500000006286,3
454.857805571088079,388.483900000006543,3
459.856205635032325,389.029800000003888,3
464.854705683801228,389.612599999993108,3
469.853105747745815,390.286099999997532,3
474.851605811518937,391.059299999993527,3
479.850005875463523,391.851299999994808,3
484.848405939408110,392.236499999999069,3
489.846905989108109,392.678899999998976,3
494.845306053052695,393.169099999999162,3
499.843706116997282,393.679300000003423,3
504.842206180770688,394.201700000005076,3
509.840606244714934,394.765299999999115,3
514.839106294415160,395.405100000003586,3
519.837506358359747,396.097999999998137,3
524.835906422303992,396.824399999997695,3
529.834406486077455,397.509000000005472,3
534.832806550022042,398.229200000001583,3
539.831206598961785,398.986300000004121,3
544.829706662734907,399.771399999997811,3
549.828106726679493,400.574099999997998,3
554.826606791384279,401.419099999999162,3
559.825006855328866,402.317899999994552,3
564.823406919273111,403.248999999996158,3
569.821906968042072,404.173599999994622,3
574.820307031986658,405.046300000001793,3
579.818707095930904,405.894700000004377,3
584.817207160635689,406.740499999999884,3
589.815607224580276,407.593399999997928,3
594.814107273348895,408.456500000000233,3
599.812507337293482,409.329700000002049,3
604.810907401238069,410.209799999996903,3
609.809407465011532,411.086699999999837,3
614.807807528955777,411.936600000000908,3
619.806207578826843,412.724799999996321,3
624.804707642600306,413.483699999997043,3
629.803107706544552,414.237599999993108,3
634.801607770318014,414.997199999997974,3
639.800007834262601,415.765100000004168,3
644.798407883202344,416.538799999994808,3
649.796907947906789,417.311499999996158,3
654.795308011851375,418.072599999999511,3
659.793708075795962,418.809699999997974,3
664.792208139569084,419.527300000001560,3
669.790608203513671,420.381999999997788,3
674.789108252282631,421.208799999993062,3
679.787508316227218,421.993100000006962,3
684.785908380171463,422.758900000000722,3
689.784408444876249,423.536399999997229,3
694.782808508820835,424.357499999998254,3
699.781208557760351,425.206900000004680,3
704.779708621533814,426.073399999993853,3
709.778108685478401,426.950100000001839,3
714.776608750183186,427.781199999997625,3
719.775008814127432,428.586299999995390,3
724.773408863067175,429.401700000002165,3
729.771908926840638,430.248600000006263,3
734.770308990784883,430.994399999995949,3
739.768709054729470,431.714800000001560,3
744.767209118502933,432.427999999999884,3
749.765609182447520,433.135800000003655,3
754.764109232147462,433.845300000000861,3
759.762509296092048,434.598100000002887,3
764.760909360036635,435.513000000006286,3
769.759409423809757,436.483300000007148,3
774.757809487754344,437.660199999998440,3
779.756209536694087,438.815900000001420,3
784.754709601398872,439.909400000004098,3
789.753109665343118,440.902199999996810,3
794.751609729116581,441.800900000002002,3
799.750009793061167,442.679900000002817,3
804.748409842000683,443.568700000003446,3
809.746909905774146,444.486000000004424,3
814.745309969718733,445.429499999998370,3
819.743710034594642,446.277499999996508,3
824.742210098367764,447.059599999993225,3
829.740610147307507,447.811700000005658,3
834.739110211080970,448.549100000003818,3
839.737510275025215,449.272599999996601,3
844.735910338969802,449.975800000000163,3
849.734410403674588,450.669200000003912,3
854.732810467619174,451.534599999999045,3
859.731210516558690,452.393800000005285,3
864.729710580332153,453.222599999993690,3
869.728110644276740,454.032800000000861,3
874.726610708049861,454.850000000005821,3
879.725010771994448,455.708499999993364,3
884.723410820934191,456.585600000005797,3
889.721910885638636,457.463099999993574,3
894.720310949583222,458.334000000002561,3
899.718711013527809,459.195600000006380,3
904.717211077301272,460.043999999994412,3
909.715611126240788,460.863200000007055,3
914.714111190945573,461.575100000001839,3
919.712511254890160,462.283100000000559,3
924.710911318834405,463.593200000002980,3
929.709411382607868,464.711200000005192,3
934.707811431547611,465.765100000004168,3
939.706211495492198,466.825500000006286,3
944.704711559265320,467.755499999999302,3
949.703111623209907,468.689499999993131,3
954.701611687914692,469.669099999999162,3
959.700011751859279,470.766499999997905,3
964.698411800798795,471.920299999997951,3
969.696911864572257,473.138900000005378,3
974.695311928516844,474.462700000003679,3
979.693711992461090,475.961800000004587,3
984.692212057165875,477.720600000000559,3
989.690612106105618,479.579899999996996,3
994.689112169878740,479.156199999997625,3
999.687512233823327,479.064499999993131,3
1004.685912297767914,479.400399999998626,3
1009.684412361541376,480.028399999995600,3
1014.682812410480892,480.907800000000861,3
1019.681212475356801,481.872099999993225,3
1024.679712539130151,482.878100000001723,3
1029.678112603074396,483.882700000001932,3
1034.676612666847859,484.763399999996182,3
1039.675012715787716,485.544699999998556,3
1044.673412779732189,486.692399999999907,3
1049.671912844436520,487.746899999998277,3
1054.670312908380993,488.647500000006403,3
1059.668712972325466,489.463000000003376,3
1064.667213036098474,490.238100000002305,3
1069.665613085038331,490.990600000004633,3
1074.664113148811794,491.741699999998673,3
1079.662513212756267,492.510599999994156,3
1084.660913276700512,493.307499999995343,3
1089.659413341405298,494.115099999995437,3
1094.657813390345154,495.019100000004983,3
1099.656213454289400,496.025200000003679,3
1104.654713518062863,497.083400000003166,3
1109.653113582007336,497.841899999999441,3
1114.651613646712121,498.591100000005099,3
1119.650013695651751,499.551200000001700,3
1124.648413759596224,500.540599999992992,3
1129.646913823369687,501.523300000000745,3
1134.645313887313932,502.506599999993341,3
1139.643713951258405,503.514500000004773,3
1144.642214000027252,504.560599999997066,3
1149.640614063971725,505.289399999994203,3
1154.639114128676056,506.047699999995530,3
1159.637514192620529,506.867199999993318,3
1164.635914256565002,507.728900000001886,3
1169.634414320338010,508.581600000004983,3
1174.632814369277867,509.089000000007218,3
1179.631214433222340,509.578999999997905,3
1184.629714497927125,510.106599999999162,3
1189.628114561871371,510.664000000004307,3
1194.626614625644834,511.242400000002817,3
1199.625014674584691,511.837299999999232,3
1204.623414738528936,512.448499999998603,3
1209.621914802302399,513.079400000002352,3
1214.620314866246872,513.724900000001071,3
1219.618714931122668,514.379799999995157,3
1224.617214979891287,515.038899999999558,3
1229.615615043835760,515.711400000000140,3
1234.614115107609223,516.556100000001607,3
1239.612515171553468,517.429199999998673,3
1244.610915235497941,518.313800000003539,3
1249.609415300202727,519.227299999998650,3
1254.607815349142356,520.189499999993131,3
1259.606215413086829,521.198399999993853,3
1264.604715476860292,522.218900000007125,3
1269.603115540804765,523.121299999998882,3
1274.601615604577773,523.965100000001257,3
1279.600015653517630,524.776700000002165,3
1284.598415717462103,525.560200000007171,3
1289.596915782166434,526.307300000000396,3
1294.595315846110907,526.985199999995530,3
1299.593715910055380,527.953899999993155,3
1304.592215958824227,528.932400000005146,3
1309.590616022768472,529.862899999992806,3
1314.589116087473258,530.767099999997299,3
1319.587516151417731,531.855899999995017,3
1324.585916215361976,532.975800000000163,3
1329.584416264130823,534.127600000007078,3
1334.582816328075296,535.289399999994203,3
1339.581216392019769,536.452699999994365,3
1344.579716455792777,537.635399999999208,3
1349.578116519737250,538.919200000003912,3
1354.576616584442036,540.146299999993062,3
1359.575016633381665,541.445699999996577,3
1364.573416697326138,542.475900000004913,3
1369.571916761099601,543.989900000000489,3
1374.570316825044074,545.552700000000186,3
1379.568716888988320,546.975699999995413,3
1384.567216938688489,548.032800000000861,3
1389.565617002632962,549.263999999995576,3
1394.564117066405970,550.622099999993225,3
1399.562517130350443,551.733800000001793,3
1404.560917194294916,552.830499999996391,3
1409.559417243063763,554.281199999997625,3
1414.557817307008008,555.692899999994552,3
1419.556217371883804,556.905100000003586,3
1424.554717435657267,557.971099999995204,3
1429.553117499601512,558.948600000003353,3
1434.551617548370359,559.857999999992899,3
1439.550017612314832,560.639999999999418,3
1444.548417676259305,561.335600000005797,3
1449.546917740963636,563.073699999993551,3
1454.545317804908109,564.723899999997229,3
1459.543717868852582,566.195500000001630,3
1464.542217917621201,567.562300000005052,3
1469.540617981565674,568.868300000001909,3
1474.539118045339137,570.136899999997695,3
1479.537518109283610,571.367599999997765,3
1484.535918173227856,572.549100000003818,3
1489.534418222928025,573.663899999999558,3
1494.532818286872498,574.729200000001583,3
1499.531218350816744,575.760200000004261,3
1504.529718414590207,576.763800000000629,3
1509.528118478534680,577.743300000001909,3
1514.526618528234621,578.702799999999115,3
1519.525018592179094,579.653600000005099,3
1524.523418656123567,580.623000000006869,3
1529.521918719897030,581.653000000005704,3
1534.520318783841276,582.718399999997928,3
1539.518718832781133,583.798599999994622,3
1544.517218896554596,584.886899999997695,3
1549.515618960499069,585.981199999994715,3
1554.514119025203399,587.080499999996391,3
1559.512519089147872,588.182700000004843,3
1564.510919153092345,589.286200000002282,3
1569.509419201860965,590.391099999993457,3
1574.507819265805438,591.494900000005146,3
1579.506219329749911,592.591100000005099,3
1584.504719394454696,593.665900000007241,3
1589.503119458398942,594.704400000002352,3
1594.501619507167788,595.715299999996205,3
1599.500019571112261,596.709600000001956,3
1604.498419635056507,597.688800000003539,3
1609.496919698829970,598.640899999998510,3
1614.495319762774443,599.590899999995600,3
1619.493719812645395,600.561900000000605,3
1624.492219876418858,601.579299999997602,3
1629.490619940363331,602.695099999997183,3
1634.489120004136794,603.965899999995600,3
1639.487520068081039,605.338000000003376,3
1644.485920117020896,606.421900000001187,3
1649.484420181725682,607.492599999997765,3
1654.482820245669927,608.599799999996321,3
1659.481220309614400,609.731499999994412,3
1664.479720373387863,610.881200000003446,3
1669.478120437332336,612.043000000005122,3
1674.476620486100956,613.207899999993970,3
1679.475020550045429,614.391799999997602,3
1684.473420613989902,615.552700000000186,3
1689.471920678694232,616.490499999999884,3
1694.470320742638705,617.378700000001118,3
1699.468720791578562,618.302899999995134,3
1704.467220855352025,619.283699999999953,3
1709.465620919296271,620.327999999994063,3
1714.464120984001056,621.441300000005867,3
1719.462521047945529,622.636199999993551,3
1724.460921096885158,623.900099999998929,3
1729.459421160658621,625.198199999998906,3
1734.457821224603094,626.505000000004657,3
1739.456221288547567,627.794099999999162,3
1744.454721352320576,628.996499999993830,3
1749.453121416265049,629.750599999999395,3
1754.451621465965218,630.910399999993388,3
1759.450021529909463,632.083599999998114,3
1764.448421593853936,633.186400000005960,3
1769.446921657627399,634.115499999999884,3
1774.445321721571872,634.999800000005052,3
1779.443721770511502,635.826700000005076,3
1784.442221835216287,636.639899999994668,3
1789.440621899160760,637.369699999995646,3
1794.439121962933768,638.107600000003004,3
1799.437522026878241,638.913599999999860,3
1804.435922075818098,639.881899999993038,3
1809.434422139591561,641.241399999998976,3
1814.432822203535807,642.682100000005448,3
1819.431222268411602,644.094100000002072,3
1824.429722332185065,644.868300000001909,3
1829.428122381124695,645.498300000006566,3
1834.426622444898157,646.166500000006636,3
1839.425022508842630,647.429199999998673,3
1844.423422572787103,648.413499999995111,3
1849.421922637491434,649.289900000003399,3
1854.420322701435907,650.131999999997788,3
1859.418722750375764,650.964900000006310,3
1864.417222814148772,651.847800000003190,3
1869.415622878093245,652.629100000005565,3
1874.414122941866708,653.332299999994575,3
1879.412523005811181,654.054099999993923,3
1884.410923054750810,654.803199999994831,3
1889.409423119455596,656.226800000004005,3
1894.407823183400069,657.541899999996531,3
1899.406223247344315,658.714500000001863,3
1904.404723311117777,660.298500000004424,3
1909.403123360057634,661.989400000005844,3
1914.401623424761965,664.324900000006892,3
1919.400023488706438,665.587199999994482,3
1924.398423552650911,666.685299999997369,3
1929.396923616424374,667.916200000006938,3
1934.395323665364003,669.259699999995064,3
1939.393723729308476,670.667499999995925,3
1944.392223793081939,672.099199999996927,3
1949.390623857026412,673.502399999997579,3
1954.389123921730743,674.783999999999651,3
1959.387523985675216,675.879199999995762,3
1964.385924034615073,676.928599999999278,3
1969.384424098388081,678.023600000000442,3
1974.382824162332554,679.209300000002258,3
1979.381224226277027,680.100000000005821,3
1984.379724290981812,680.879899999999907,3
1989.378124339921442,681.664000000004307,3
1994.376624403694905,682.479300000006333,3
1999.375024467639378,683.338900000002468,3
2004.373424531583623,684.379799999995157,3
2009.371924595357086,685.466400000004796,3
2014.370324644296943,686.546499999996740,3
2019.368724709172511,687.605100000000675,3
2024.367224772945974,688.657900000005611,3
2029.365624836890447,689.724300000001676,3
2034.364124900663910,690.810200000007171,3
2039.362524949603539,691.882700000001932,3
2044.360925013548012,692.786999999996624,3
2049.359425078252571,693.647800000006100,3
2054.357825142196816,694.531300000002375,3
2059.356225206141517,695.445399999996880,3
2064.354725269914979,696.372300000002724,3
2069.353125318854836,697.316300000005867,3
2074.351625382627844,698.278099999995902,3
2079.350025446572545,699.258799999995972,3
2084.348425510517245,700.261799999992945,3
2089.346925575221576,701.290900000007241,3
2094.345325624161433,702.347200000003795,3
2099.343725688106133,703.428299999999581,3
2104.342225751879596,704.523600000000442,3
2109.340625815823842,705.616099999999278,3
2114.339125880528627,706.689799999992829,3
2119.337525929468484,707.749800000005052,3
2124.335925993412729,708.804300000003423,3
2129.334426057186192,709.855599999995320,3
2134.332826121130893,710.901700000002165,3
2139.331226185075593,711.939899999997579,3
2144.329726233844212,712.971499999999651,3
2149.328126297788913,713.997099999993225,3
2154.326626362493698,715.013300000005984,3
2159.325026426437944,716.012700000006589,3
2164.323426490382644,716.986000000004424,3
2169.321926554156107,717.937000000005355,3
2174.320326603095964,718.769199999995180,3
2179.318726667040210,719.573799999998300,3
2184.317226731744995,720.375400000004447,3
2189.315626795689695,721.172200000000885,3
2194.314126859462704,721.963900000002468,3
2199.312526908402560,722.755099999994854,3
2204.310926972347261,723.553199999994831,3
2209.309427036120724,724.366599999993923,3
2214.307827100064969,725.201000000000931,3
2219.306227164940992,726.057100000005448,3
2224.304727213710066,726.933099999994738,3
2229.303127277654312,727.827799999999115,3
2234.301627341427775,728.741899999993620,3
2239.300027405372475,729.677899999995134,3
2244.298427469317176,730.638999999995576,3
2249.296927534021506,731.626999999993131,3
2254.295327582961363,732.641399999993155,3
2259.293727646906063,733.677299999995739,3
2264.292227710679072,734.727899999998044,3
2269.290627774623772,735.790500000002794,3
2274.289127838397235,736.879499999995460,3
2279.287527887336637,738.025800000003073,3
2284.285927951281337,739.363800000006449,3
2289.284428015986123,740.767699999996694,3
2294.282828079930823,742.161800000001676,3
2299.281228143875069,743.534199999994598,3
2304.279728192644143,744.919899999993504,3
2309.278128256588843,746.409799999993993,3
2314.276628321293174,747.880900000003749,3
2319.275028385237874,749.108900000006543,3
2324.273428449182575,750.151500000007218,3
2329.271928497951649,751.135200000004261,3
2334.270328561895894,752.144000000000233,3
2339.268728625840595,753.179099999993923,3
2344.267228689614058,753.760399999999208,3
2349.265628753558758,754.352100000003702,3
2354.264128818263089,755.296100000006845,3
2359.262528867202946,756.370699999999488,3
2364.260928931147646,757.468800000002375,3
2369.259428994920654,758.572899999999208,3
2374.257829058865354,759.689400000002934,3
2379.256229122810055,760.831300000005285,3
2384.254729172509997,761.989799999995739,3
2389.253129236454697,763.153000000005704,3
2394.251629300228160,764.314700000002631,3
2399.250029364172860,765.473400000002584,3
2404.248429428117106,766.630300000004354,3
2409.246929476886180,767.787299999996321,3
2414.245329540830880,768.946800000005169,3
2419.243729605706449,770.110899999999674,3
2424.242229669479912,771.281600000002072,3
2429.240629733424612,772.459199999997509,3
2434.239129782193686,773.639699999999721,3
2439.237529846137932,774.809200000003329,3
2444.235929910082632,775.946200000005774,3
2449.234429974787417,777.074200000002747,3
2454.232830038731663,778.219400000001770,3
2459.231230102676363,779.400200000003679,3
2464.229730151445438,780.630399999994552,3
2469.228130215390138,781.890799999993760,3
2474.226630279163146,782.845799999995506,3
2479.225030343107846,783.771999999997206,3
2484.223430407052547,784.762100000007194,3
2489.221930456752489,785.813999999998487,3
2494.220330520697189,786.938599999994040,3
2499.218730584641889,788.168999999994412,3
2504.217230648415352,789.457899999993970,3
2509.215630712359598,790.770600000003469,3
2514.214130762059995,792.133199999996577,3
2519.212530826004695,793.560800000006566,3
2524.210930889948941,794.586400000000140,3
2529.209430953722404,795.547500000000582,3
2534.207831017667104,796.538300000000163,3
2539.206231066606961,797.535499999998137,3
2544.204731130379969,798.513900000005378,3
2549.203131194324669,799.474600000001374,3
2554.201631259029455,800.427999999999884,3
2559.200031322973700,801.383100000006380,3
2564.198431386918401,802.344700000001467,3
2569.196931435687475,803.310599999997066,3
2574.195331499632175,804.279299999994691,3
2579.193731563576421,805.258499999996275,3
2584.192231628281206,806.270999999993364,3
2589.190631692225907,807.350300000005518,3
2594.189131740994526,808.471300000004703,3
2599.187531804939226,809.605599999995320,3
2604.185931868883927,810.736300000004121,3
2609.184431932657390,811.866699999998673,3
2614.182831996601635,813.005300000004354,3
2619.181232046472815,814.159299999999348,3
2624.179732110246277,815.320699999996577,3
2629.178132174190523,816.477899999998044,3
2634.176632237963986,817.627299999992829,3
2639.175032301908686,818.787800000005518,3
2644.173432350848088,819.987299999993411,3
2649.171932415552874,821.211599999995087,3
2654.170332479497574,822.447100000004866,3
2659.168732543442275,823.692100000000210,3
2664.167232607215283,824.947499999994761,3
2669.165632671159983,826.198099999994156,3
2674.164132719929057,827.385299999994459,3
2679.162532783873303,828.559200000003329,3
2684.160932847818003,829.732199999998556,3
2689.159432912522789,830.832299999994575,3
2694.157832976467489,831.945600000006380,3
2699.156233025406891,833.080700000005891,3
2704.154733089180354,834.326799999995274,3
2709.153133153125054,835.573300000003655,3
2714.151633217829385,836.815700000006473,3
2719.150033281774085,838.076199999995879,3
2724.148433330713942,839.367100000003120,3
2729.146933394487405,840.691800000000512,3
2734.145333458431651,842.026100000002771,3
2739.143733522376351,843.378100000001723,3
2744.142233586149814,844.746400000003632,3
2749.140633650094514,846.122499999997672,3
2754.139133699794456,847.493900000001304,3
2759.137533763739157,848.847800000003190,3
2764.135933827683857,850.174299999998766,3
2769.134433891456865,851.468299999993178,3
2774.132833955401566,852.735300000000279,3
2779.131234004341422,854.021699999997509,3
2784.129734069045753,855.481499999994412,3
2789.128134132990454,857.006399999998393,3
2794.126634196763916,858.528900000004796,3
2799.125034260708617,860.039799999998650,3
2804.123434309648019,861.537100000001374,3
2809.121934373421482,862.979699999996228,3
2814.120334437366182,864.211100000000442,3
2819.118734502241750,865.343800000002375,3
2824.117234566015213,866.440799999996671,3
2829.115634614955070,867.492700000002515,3
2834.114134678728533,868.474499999996624,3
2839.112534742672779,869.402700000006007,3
2844.110934806617479,870.306800000005751,3
2849.109434871322264,871.208799999993062,3
2854.107834935266510,872.121100000003935,3
2859.106234984206367,873.049599999998463,3
2864.104735047979830,873.996100000003935,3
2869.103135111924530,874.962100000004284,3
2874.101635175697538,875.955600000001141,3
2879.100035239642239,877.017099999997299,3
2884.098435288582095,878.272299999996903,3
2889.096935353286426,879.602499999993597,3
2894.095335417231126,880.950700000001234,3
2899.093735481175827,882.321700000000419,3
2904.092235544949290,883.735499999995227,3
2909.090635593888692,885.207099999999627,3
2914.089135658593477,886.742499999993015,3
2919.087535722538178,888.341799999994691,3
2924.085935786482423,890.000400000004447,3
2929.084435850255886,891.711400000000140,3
2934.082835899195743,893.466599999999744,3
2939.081235963140443,895.257400000002235,3
2944.079736026913451,897.072899999999208,3
2949.078136090858152,898.895300000003772,3
2954.076636155562937,900.688999999998487,3
2959.075036219507183,902.381099999998696,3
2964.073436268447040,904.049799999993411,3
2969.071936332220503,905.762499999997090,3
2974.070336396165203,907.526199999992969,3
2979.068736460109449,909.340899999995600,3
2984.067236524814234,911.151899999997113,3
2989.065636573754091,912.908999999999651,3
2994.064136637527099,914.598400000002584,3
2999.062536701471799,916.222399999998743,3
3004.060936765416500,917.808000000004540,3
3009.059436829189963,919.382400000002235,3
3014.057836878129365,920.960399999996298,3
3019.056236943005388,922.546199999997043,3
3024.054737006778851,924.137499999997090,3
3029.053137070723096,925.729399999996531,3
3034.051637134496559,927.316699999995762,3
3039.050037183436416,928.895999999993364,3
3044.048437247380662,930.466700000004494,3
3049.046937312085447,932.032200000001467,3
3054.045337376030147,933.599100000006729,3
3059.043737439974848,935.176999999996042,3
3064.042237503747856,936.777000000001863,3
3069.040637552687713,938.409100000004400,3
3074.039137616461176,940.067500000004657,3
3079.037537680405421,941.678100000004633,3
3084.035937744350122,942.998000000006869,3
3089.034437809054907,944.199299999992945,3
3094.032837857994764,945.398600000000442,3
3099.031237921939010,946.584700000006706,3
3104.029737985712472,947.690799999996671,3
3109.028138049657173,948.755600000004051,3
3114.026638114361504,949.828099999998813,3
3119.025038163301360,950.929999999993015,3
3124.023438227246061,952.066399999996065,3
3129.021938291019524,953.236199999999371,3
3134.020338354963769,954.436799999995856,3
3139.018738418908470,955.665999999997439,3
3144.017238467677544,956.922800000000279,3
3149.015638531621789,958.207899999993970,3
3154.014138596326575,959.524099999995087,3
3159.012538660271275,960.878299999996671,3
3164.010938724215976,962.281499999997322,3
3169.009438787988984,963.747199999997974,3
3174.007838836928840,965.249800000005052,3
3179.006238900873541,966.446400000000722,3
3184.004738965577872,967.600699999995413,3
3189.003139029522572,968.833700000002864,3
3194.001639093296035,970.138699999995879,3
3199.000039142235892,971.447799999994459,3
3203.998439206180137,972.563800000003539,3
3208.996939269953600,973.614000000001397,3
3213.995339333898301,974.700700000001234,3
3218.993739398773869,975.845600000000559,3
3223.992239447542943,977.017399999996996,3
3228.990639511487643,978.142399999996996,3
3233.989139575261106,979.264699999999721,3
3238.987539639205352,980.792300000000978,3
3243.985939703150052,982.383199999996577,3
3248.984439767854838,983.908599999995204,3
3253.982839816794240,985.390199999994365,3
3258.981239880738940,986.861300000004121,3
3263.979739944512403,988.319199999998091,3
3268.978140008457103,989.747600000002421,3
3273.976640072230111,991.161999999996624,3
3278.975040121169968,992.529699999999139,3
3283.973440185114669,993.852299999998650,3
3288.971940249818999,995.331099999995786,3
3293.970340313763700,996.750299999999697,3
3298.968740377708400,998.089000000007218,3
3303.967240426477019,999.436300000001211,3
3308.965640490421720,1000.919299999994109,3
3313.964140555126505,1002.175700000007055,3
3318.962540619071206,1003.282600000005914,3
3323.960940683015451,1004.369000000006054,3
3328.959440731784525,1005.494200000001001,3
3333.957840795729226,1006.694600000002538,3
3338.956240859673926,1007.927999999999884,3
3343.954740923446934,1009.182799999995041,3
3348.953140987391635,1010.467300000003888,3
3353.951641052096420,1011.775800000003073,3
3358.950041101035822,1012.993000000002212,3
3363.948441164980522,1014.182700000004843,3
3368.946941228753985,1015.384200000000419,3
3373.945341292698686,1016.581799999999930,3
3378.943741356642931,1017.744000000006054,3
3383.942241406343328,1018.875499999994645,3
3388.940641470288028,1019.988800000006449,3
3393.939141534061037,1021.096900000004098,3
3398.937541598005737,1022.213799999997718,3
3403.935941661950437,1023.370800000004238,3
3408.934441710719057,1024.563299999994342,3
3413.932841774663757,1025.792100000006030,3
3418.931241839539780,1027.059299999993527,3
3423.929741903313243,1028.356599999999162,3
3428.928141967257488,1029.700400000001537,3
3433.926642016026562,1031.096000000005006,3
3438.925042079971263,1032.494099999996251,3
3443.923442143915508,1033.820900000006077,3
3448.921942208620294,1035.095100000005914,3
3453.920342272564994,1036.353099999992992,3
3458.918742336509695,1037.609800000005635,3
3463.917242385278314,1038.861000000004424,3
3468.915642449223014,1040.086800000004587,3
3473.914142512996477,1041.291200000006938,3
3478.912542576940723,1042.468200000002980,3
3483.910942640885423,1043.589399999997113,3
3488.909442690585820,1044.672099999996135,3
3493.907842754530520,1045.738100000002305,3
3498.906242818474766,1046.795899999997346,3
3503.904742882248229,1047.846199999999953,3
3508.903142946192929,1048.885999999998603,3
3513.901642995892871,1049.912100000001374,3
3518.900043059837571,1050.926300000006449,3
3523.898443123782272,1051.961200000005192,3
3528.896943187555735,1053.183900000003632,3
3533.895343251499980,1054.469200000006822,3
3538.893743300439837,1055.777600000001257,3
3543.892243364213300,1057.146900000007008,3
3548.890643428157546,1058.596900000004098,3
3553.889143492862331,1059.961299999995390,3
3558.887543556807032,1061.245299999995041,3
3563.885943620751732,1062.430099999997765,3
3568.884443669520351,1063.483800000001793,3
3573.882843733465052,1064.458799999993062,3
3578.881243797409752,1065.410600000002887,3
3583.879743862114083,1066.644799999994575,3
3588.878143926058783,1067.957299999994575,3
3593.876643974827857,1069.223400000002584,3
3598.875044038772558,1070.447499999994761,3
3603.873444102716803,1071.632100000002538,3
3608.871944166490266,1072.567500000004657,3
3613.870344230434966,1073.482199999998556,3
3618.868744280305691,1074.445099999997183,3
3623.867244344079154,1075.421700000006240,3
3628.865644408023854,1076.390499999994063,3
3633.864144471797317,1077.346300000004703,3
3638.862544535741563,1078.285000000003492,3
3643.860944584681420,1079.204299999997602,3
3648.859444649386205,1080.102599999998347,3
3653.857844713330451,1080.978600000002189,3
3658.856244777275151,1081.828699999998207,3
3663.854744841048614,1082.642500000001746,3
3668.853144904993314,1083.395000000004075,3
3673.851644953761934,1084.045499999992899,3
3678.850045017706634,1084.607600000003004,3
3683.848445081651334,1085.066999999995460,3
3688.846945146355665,1085.533299999995506,3
3693.845345210300366,1085.986999999993714,3
3698.843745259240222,1086.408599999995204,3
3703.842245323013231,1086.795700000002398,3
3708.840645386957931,1087.120200000004843,3
3713.839145451662716,1087.288300000000163,3
3718.837545515607417,1087.359599999996135,3
3723.835945564546819,1087.515799999993760,3
3728.834445628320282,1087.666500000006636,3
3733.832845692264982,1087.735599999999977,3
3738.831245756209682,1087.694799999997485,3
3743.829745819982691,1087.571400000000722,3
3748.828145883927391,1087.923500000004424,3
3753.826645933627788,1088.398499999995693,3
3758.825045997572033,1088.852799999993294,3
3763.823446061516734,1089.371100000003935,3
3768.821946125290197,1089.932899999999790,3
3773.820346189234897,1090.490499999999884,3
3778.818746238174299,1091.019299999999930,3
3783.817246302879084,1091.509999999994761,3
3788.815646366823785,1091.958199999993667,3
3793.814146430596793,1092.361300000004121,3
3798.812546494541493,1092.725600000005215,3
3803.810946543481350,1093.089900000006310,3
3808.809446607254358,1093.574399999997695,3
3813.807846671199059,1094.386799999992945,3
3818.806246736075082,1095.388399999996182,3
3823.804746799848544,1096.393400000000838,3
3828.803146848787947,1097.355400000000373,3
3833.801646912561409,1098.613899999996647,3
3838.800046976506110,1100.055800000001909,3
3843.798447040450355,1101.305999999996857,3
3848.796947105155141,1102.566000000006170,3
3853.795347169099841,1103.857600000003004,3
3858.793747218039698,1105.120599999994738,3
3863.792247281812706,1106.250400000004447,3
3868.790647345757407,1107.615000000005239,3
3873.789147409530869,1109.078999999997905,3
3878.787547473475115,1110.466599999999744,3
3883.785947522414972,1111.713799999997718,3
3888.784447587119757,1112.835900000005495,3
3893.782847651064458,1114.361900000003516,3
3898.781247715008703,1115.902400000006310,3
3903.779747778782166,1117.293799999999464,3
3908.778147827722023,1118.584000000002561,3
3913.776647892426354,1119.805399999997462,3
3918.775047956371054,1120.967600000003586,3
3923.773448020315755,1122.060899999996764,3
3928.771948084089217,1123.100800000000163,3
3933.770348133028619,1124.117800000007264,3
3938.768748196973320,1125.138500000000931,3
3943.767248260746783,1126.146500000002561,3
3948.765648324691028,1126.872499999997672,3
3953.764148389395814,1127.342600000003586,3
3958.762548453340514,1127.644100000004983,3
3963.760948502280371,1127.589500000001863,3
3968.759448566053379,1127.374500000005355,3
3973.757848629998080,1127.736900000003516,3
3978.756248693942780,1128.312099999995553,3
3983.754748758647111,1128.599000000001979,3
3988.753148807586967,1128.809599999993225,3
3993.751648871360430,1129.130099999994854,3
3998.750048935305131,1129.497499999997672,3
4003.748448999249376,1129.859299999996438,3
4008.746949063022839,1130.202099999994971,3
4013.745349111962696,1130.535600000002887,3
4018.743749176838264,1130.864400000005844,3
4023.742249240611727,1131.149399999994785,3
4028.740649304556428,1131.261100000003353,3
4033.739149368329890,1131.274900000003981,3
4038.737549417269292,1131.264100000000326,3
4043.735949481213993,1131.239400000005844,3
4048.734449545918778,1131.225300000005518,3
4053.732849609863024,1131.531700000006822,3
4058.731249673807724,1131.943700000003446,3
4063.729749737581187,1132.316500000000815,3
4068.728149786520589,1132.638200000001234,3
4073.726649850294052,1132.909199999994598,3
4078.725049914238753,1133.128100000001723,3
4083.723449978183453,1133.302899999995134,3
4088.721950042887784,1133.504899999999907,3
4093.720350091827640,1133.995500000004540,3
4098.718750155771886,1134.624899999995250,3
4103.717250219545349,1135.228600000002189,3
4108.715650283489595,1135.688500000003842,3
4113.714150348194380,1136.066099999996368,3
4118.712550397133782,1136.733800000001793,3
4123.710950461078028,1137.506999999997788,3
4128.709450524851491,1138.631099999998696,3
4133.707850588795736,1139.750499999994645,3
4138.706250652739982,1140.723700000002282,3
4143.704750701508601,1141.522899999996298,3
4148.703150765452847,1142.177200000005541,3
4153.701650830157632,1142.766600000002654,3
4158.700050894101878,1143.064299999998184,3
4163.698450958046124,1143.461999999999534,3
4168.696951021819586,1144.007899999996880,3
4173.695351070758988,1144.580900000000838,3
4178.693751134703234,1145.183099999994738,3
4183.692251199408020,1145.803199999994831,3
4188.690651263352265,1146.272700000001350,3
4193.689151327125728,1146.711999999999534,3
4198.687551376065130,1147.187600000004750,3
4203.685951440009376,1147.381999999997788,3
4208.684451503782839,1147.496499999993830,3
4213.682851567727084,1147.658599999995204,3
4218.681251632602653,1147.878899999996065,3
4223.679751681371272,1148.533999999999651,3
4228.678151745315517,1149.364600000000792,3
4233.676651809088980,1149.911500000001979,3
4238.675051873033226,1150.324900000006892,3
4243.673451936977472,1150.740900000004331,3
4248.671952001682257,1151.182799999995041,3
4253.670352050621659,1151.685700000001816,3
4258.668752114565905,1152.391499999997905,3
4263.667252178339368,1152.997900000002119,3
4268.665652242283613,1153.497900000002119,3
4273.664152306057076,1154.212499999994179,3
4278.662552354996478,1155.005099999994854,3
4283.660952418940724,1155.614300000001094,3
4288.659452483645509,1155.964800000001560,3
4293.657852547589755,1156.292799999995623,3
4298.656252611534001,1156.676000000006752,3
4303.654752660302620,1157.025299999993877,3
4308.653152724246866,1157.354200000001583,3
4313.651652788951651,1157.676399999996647,3
4318.650052852895897,1157.974000000001979,3
4323.648452916840142,1158.261599999997998,3
4328.646952965608762,1158.597500000003492,3
4333.645353029553007,1159.177100000000792,3
4338.643753093497253,1159.853600000002189,3
4343.642253157270716,1160.516799999997602,3
4348.640653221214961,1161.129499999995460,3
4353.639153285919747,1161.658100000000559,3
4358.637553334859149,1162.143899999995483,3
4363.635953398803395,1162.602400000003399,3
4368.634453462576857,1163.064799999992829,3
4373.632853526521103,1163.545899999997346,3
4378.631253590465349,1164.031900000001770,3
4383.629753640165291,1164.532000000006519,3
4388.628153704109536,1165.073099999994156,3
4393.626653767882999,1165.662800000005518,3
4398.625053831827245,1166.326900000000023,3
4403.623453895771490,1166.784899999998743,3
4408.621953944540110,1167.096099999995204,3
4413.620354008484355,1167.462599999998929,3
4418.618754073359923,1168.005199999999604,3
4423.617254137133386,1168.671900000001187,3
4428.615654201077632,1169.069300000002841,3
4433.614154249846251,1169.391199999998207,3
4438.612554313790497,1169.789999999993597,3
4443.610954377734743,1170.259500000000116,3
4448.609454442439528,1170.755300000004354,3
4453.607854506383774,1171.272500000006403,3
4458.606254570328019,1171.811499999996158,3
4463.604754619096639,1172.364199999996345,3
4468.603154683040884,1172.921900000001187,3
4473.601654746814347,1173.478700000006938,3
4478.600054810758593,1174.032200000001467,3
4483.598454874702838,1174.583100000003469,3
4488.596954924402780,1175.133499999996275,3
4493.595354988347026,1175.680099999997765,3
4498.593755052291272,1176.202399999994668,3
4503.592255116064734,1176.661200000002282,3
4508.590655180008980,1177.059699999997974,3
4513.589155229708922,1177.403099999995902,3
4518.587555293653168,1177.725500000000466,3
4523.585955357597413,1178.061100000006263,3
4528.584455421370876,1178.424599999998463,3
4533.582855485315122,1178.817200000004959,3
4538.581255534254524,1179.280299999998533,3
4543.579755598027987,1179.780899999997928,3
4548.578155661972232,1180.305999999996857,3
4553.576655726677018,1180.864100000006147,3
4558.575055790621263,1181.733600000006845,3
4563.573455854565509,1182.705100000006496,3
4568.571955903334128,1183.568199999994249,3
4573.570355967278374,1184.361300000004121,3
4578.568756031222620,1185.193899999998393,3
4583.567256095927405,1186.548899999994319,3
4588.565656159871651,1187.262799999996787,3
4593.564156208640270,1187.786200000002282,3
4598.562556272584516,1188.423599999994622,3
4603.560956336528761,1189.086999999999534,3
4608.559456400302224,1189.709700000006706,3
4613.557856464246470,1190.314100000003236,3
4618.556256514117194,1190.943799999993644,3
4623.554756577890657,1191.623500000001513,3
4628.553156641834903,1192.366099999999278,3
4633.551656705608366,1193.144700000004377,3
4638.550056769552612,1193.915299999993294,3
4643.548456818492014,1194.675600000002305,3
4648.546956883196799,1195.428199999994831,3
4653.545356947141045,1196.148900000000140,3
4658.543757011085290,1196.659799999993993,3
4663.542257074858753,1197.089999999996508,3
4668.540657138802999,1197.522700000001350,3
4673.539157187571618,1197.954100000002654,3
4678.537557251515864,1198.387400000006892,3
4683.535957315460109,1198.827900000003865,3
4688.534457380164895,1199.215700000000652,3
4693.532857444109140,1199.620800000004238,3
4698.531257493048543,1200.074699999997392,3
4703.529757556822005,1200.574699999997392,3
4708.528157620766251,1201.127699999997276,3
4713.526657685471037,1201.733900000006543,3
4718.525057749415282,1202.383600000001024,3
4723.523457798354684,1203.045299999997951,3
4728.521957862128147,1203.629199999995762,3
4733.520357926072393,1204.152000000001863,3
4738.518757990016638,1204.654800000003888,3
4743.517258053790101,1205.366699999998673,3
4748.515658117734347,1206.288100000005215,3
4753.514158167434289,1207.108800000001793,3
4758.512558231378534,1207.832599999994272,3
4763.510958295322780,1208.230999999999767,3
4768.509458359096243,1208.627200000002631,3
4773.507858423040489,1209.383900000000722,3
4778.506258471979891,1210.059999999997672,3
4783.504758536684676,1210.756699999998091,3
4788.503158600628922,1211.560200000007171,3
4793.501658664402385,1212.404699999999139,3
4798.500058728346630,1213.264699999999721,3
4803.498458777286032,1214.149900000003981,3
4808.496958841059495,1215.085900000005495,3
4813.495358905003741,1216.069699999992736,3
4818.493758969879309,1216.733800000001793,3
4823.492259033652772,1217.285199999998440,3
4828.490659082592174,1217.893700000000536,3
4833.489159146365637,1218.546199999997043,3
4838.487559210309882,1219.222599999993690,3
4843.485959274254128,1219.924199999994016,3
4848.484459338958914,1220.712700000003679,3
4853.482859402903159,1221.626799999998184,3
4858.481259451842561,1222.585000000006403,3
4863.479759515616024,1223.538400000004913,3
4868.478159579560270,1224.485899999999674,3
4873.476659643333733,1225.431299999996554,3
4878.475059707277978,1226.366200000004028,3
4883.473459756217380,1227.264599999994971,3
4888.471959820922166,1228.145199999999022,3
4893.470359884866411,1229.034599999999045,3
4898.468759948810657,1229.935500000006869,3
4903.467260012584120,1230.819099999993341,3
4908.465660061523522,1231.701000000000931,3
4913.464160126228307,1232.601699999999255,3
4918.462560190172553,1233.524600000004284,3
4923.460960254116799,1234.466300000000047,3
4928.459460317890262,1235.420400000002701,3
4933.457860366829664,1236.381399999998393,3
4938.456260430773909,1237.345400000005611,3
4943.454760494547372,1238.308699999994133,3
4948.453160558491618,1239.266600000002654,3
4953.451660623196403,1240.211599999995087,3
4958.450060687140649,1241.131500000003143,3
4963.448460736080051,1242.012300000002142,3
4968.446960799853514,1242.855899999995017,3
4973.445360863797760,1243.699699999997392,3
4978.443760927742005,1244.675900000002002,3
4983.442260992446791,1245.707299999994575,3
4988.440661041386193,1246.713600000002771,3
4993.439161105159656,1247.702199999999721,3
4998.437561169103901,1248.710900000005495,3
5003.435961233048147,1249.729900000005728,3
5008.434461296821610,1250.717000000004191,3
5013.432861345761012,1251.688800000003539,3
5018.431261410636580,1252.672800000000279,3
5023.429761474410043,1253.696899999995367,3
5028.428161538354288,1254.744900000005146,3
5033.426661602127751,1255.698900000003050,3
5038.425061651067153,1256.628100000001723,3
5043.423461715011399,1257.561700000005658,3
5048.421961779716185,1258.497300000002724,3
5053.420361843660430,1259.436199999996461,3
5058.418761907604676,1260.349199999996927,3
5063.417261971378139,1261.157900000005611,3
5068.415662020317541,1261.990600000004633,3
5073.414162084091004,1262.911399999997229,3
5078.412562148035249,1263.928199999994831,3
5083.410962211979495,1265.038799999994808,3
5088.409462276684280,1266.231899999998859,3
5093.407862325623682,1267.494900000005146,3
5098.406262389567928,1268.793300000004820,3
5103.404762453341391,1270.021099999998114,3
5108.403162517285637,1271.219500000006519,3
5113.401662581990422,1272.432100000005448,3
5118.400062630929824,1273.505399999994552,3
5123.398462694874070,1274.517099999997299,3
5128.396962758647533,1275.550600000002305,3
5133.395362822591778,1276.606599999999162,3
5138.393762886536024,1277.679600000003120,3
5143.392262935304643,1278.767399999996996,3
5148.390662999248889,1279.870399999999790,3
5153.389163063953674,1280.989600000000792,3
5158.387563127897920,1282.126999999993131,3
5163.385963191842166,1283.285000000003492,3
5168.384463255615628,1284.468399999997928,3
5173.382863304555030,1285.685800000006566,3
5178.381263368499276,1286.949699999997392,3
5183.379763433204062,1288.247600000002421,3
5188.378163497148307,1289.268100000001141,3
5193.376663560921770,1290.161099999997532,3
5198.375063609861172,1291.081099999995786,3
5203.373463673805418,1292.027499999996508,3
5208.371963737578881,1293.029099999999744,3
5213.370363801523126,1294.064100000003236,3
5218.368763866398695,1295.127099999997881,3
5223.367263915167314,1296.253400000001420,3
5228.365663979111559,1297.429300000003423,3
5233.364164042885022,1298.618900000001304,3
5238.362564106829268,1299.795199999993201,3
5243.360964170773514,1300.934599999993225,3
5248.359464235478299,1302.016699999992852,3
5253.357864284417701,1303.033500000005006,3
5258.356264348361947,1303.823300000003655,3
5263.354764412135410,1304.516900000002352,3
5268.353164476079655,1305.243300000001909,3
5273.351664539853118,1306.024999999994179,3
5278.350064588792520,1306.880300000004354,3
5283.348464652736766,1307.826300000000629,3
5288.346964717441551,1308.867499999993015,3
5293.345364781385797,1309.937999999994645,3
5298.343764845330043,1310.960099999996601,3
5303.342264894098662,1311.940000000002328,3
5308.340664958042908,1312.972399999998743,3
5313.339165022747693,1314.246400000003632,3
5318.337565086691939,1315.637700000006589,3
5323.335965150636184,1316.991899999993620,3
5328.334465199404804,1318.252900000006775,3
5333.332865263349049,1319.360100000005332,3
5338.331265327293295,1320.277300000001560,3
5343.329765391066758,1321.121299999998882,3
5348.328165455011003,1321.986999999993714,3
5353.326665519715789,1322.874200000005658,3
5358.325065568655191,1323.725999999995111,3
5363.323465632599437,1324.601299999994808,3
5368.321965696372899,1325.484400000001187,3
5373.320365760317145,1326.375499999994645,3
5378.318765824261391,1327.260099999999511,3
5383.317265873961333,1328.128100000001723,3
5388.315665937905578,1328.989900000000489,3
5393.314166001679041,1329.877699999997276,3
5398.312566065623287,1330.899900000003981,3
5403.310966129567532,1332.026800000006915,3
5408.309466178336152,1333.110300000000279,3
5413.307866242280397,1334.142200000002049,3
5418.306266307155965,1335.193599999998696,3
5423.304766370929428,1336.269799999994575,3
5428.303166434873674,1337.170899999997346,3
5433.301666483642293,1337.935500000006869,3
5438.300066547586539,1338.710000000006403,3
5443.298466611530785,1339.583700000002864,3
5448.296966676235570,1340.549700000003213,3
5453.295366740179816,1341.529800000003888,3
5458.293766804124061,1342.510899999993853,3
5463.292266852892681,1343.558799999998882,3
5468.290666916836926,1344.680900000006659,3
5473.289166980610389,1345.877800000002026,3
5478.287567044554635,1347.167499999995925,3
5483.285967108498880,1348.520000000004075,3
5488.284467158198822,1349.574399999997695,3
5493.282867222143068,1350.491999999998370,3
5498.281267286087314,1351.488200000007055,3
5503.279767349860776,1352.567200000004959,3
5508.278167413805022,1353.680099999997765,3
5513.276667463504964,1354.723299999997835,3
5518.275067527449210,1355.916599999996834,3
5523.273467591393455,1356.516300000002957,3
5528.271967655166918,1356.788100000005215,3
5533.270367719111164,1357.170400000002701,3
5538.268767768050566,1357.701600000000326,3
5543.267267831824029,1358.403099999995902,3
5548.265667895768274,1359.191300000005867,3
5553.264167960473060,1360.069699999992736,3
5558.262568024417305,1360.695600000006380,3
5563.260968088361551,1361.241299999994226,3
5568.259468137130170,1361.963000000003376,3
5573.257868201074416,1362.901599999997416,3
5578.256268265018662,1363.973599999997532,3
5583.254768329723447,1365.014699999999721,3
5588.253168393667693,1366.163199999995413,3
5593.251668442436312,1367.520000000004075,3
5598.250068506380558,1369.006200000003446,3
5603.248468570324803,1370.328999999997905,3
5608.246968634098266,1371.600399999995716,3
5613.245368698042512,1372.822700000004261,3
5618.243768747913236,1374.044599999993807,3
5623.242268811686699,1375.328200000003562,3
5628.240668875630945,1376.645000000004075,3
5633.239168939404408,1377.886499999993248,3
5638.237569003348653,1378.965700000000652,3
5643.235969052288056,1380.258900000000722,3
5648.234469116992841,1381.814899999997579,3
5653.232869180937087,1383.467199999999139,3
5658.231269244881332,1385.014100000000326,3
5663.229769308654795,1386.396099999998114,3
5668.228169372599041,1387.713199999998324,3
5673.226669421367660,1389.055699999997159,3
5678.225069485311906,1390.442899999994552,3
5683.223469549256151,1391.866500000003725,3
5688.221969613960937,1393.351500000004307,3
5693.220369677905182,1395.026100000002771,3
5698.218769726844585,1396.521200000002864,3
5703.217269790618047,1397.851800000004005,3
5708.215669854562293,1399.150599999993574,3
5713.214169919267079,1400.395499999998719,3
5718.212569983211324,1401.567500000004657,3
5723.210970032150726,1402.676500000001397,3
5728.209470095924189,1403.773400000005495,3
5733.207870159868435,1404.880900000003749,3
5738.206270223812680,1406.021299999993062,3
5743.204770287586143,1407.180999999996857,3
5748.203170351530389,1408.333100000003469,3
5753.201670401230331,1409.482199999998556,3
5758.200070465174576,1410.657200000001467,3
5763.198470529118822,1411.811700000005658,3
5768.196970592892285,1412.911900000006426,3
5773.195370656836531,1413.999800000005052,3
5778.193770705775933,1415.080400000006193,3
5783.192270770480718,1416.170700000002398,3
5788.190670834424964,1417.319300000002841,3
5793.189170898198427,1418.405599999998230,3
5798.187570962142672,1419.595799999995506,3
5803.185971011082074,1420.738599999996950,3
5808.184471074855537,1421.747399999992922,3
5813.182871138799783,1422.703099999998813,3
5818.181271203675351,1423.687600000004750,3
5823.179771267448814,1424.679799999998068,3
5828.178171316388216,1425.752999999996973,3
5833.176671380161679,1426.896800000002258,3
5838.175071444105924,1428.081200000000536,3
5843.173471508050170,1429.180399999997462,3
5848.171971572754956,1430.123999999996158,3
5853.170371636699201,1430.569699999992736,3
5858.168771685638603,1431.092399999994086,3
5863.167271749412066,1431.827900000003865,3
5868.165671813356312,1432.564400000002934,3
5873.164171877129775,1433.306200000006356,3
5878.162571941074020,1434.108200000002398,3
5883.160971990013422,1434.972800000003190,3
5888.159472054718208,1435.880399999994552,3
5893.157872118662453,1436.829899999996996,3
5898.156272182606699,1437.818400000003749,3
5903.154772246380162,1438.813099999999395,3
5908.153172295319564,1439.505699999994249,3
5913.151672360024349,1440.140899999998510,3
5918.150072423968595,1440.783400000000256,3
5923.148472487912841,1441.489000000001397,3
5928.146972551686304,1442.360000000000582,3
5933.145372600625706,1443.319799999997485,3
5938.143772664569951,1444.305699999997159,3
5943.142272728343414,1445.089000000007218,3
5948.140672792287660,1446.030100000003586,3
5953.139172856992445,1447.204700000002049,3
5958.137572920936691,1448.190700000006473,3
5963.135972969876093,1449.038400000004913,3
5968.134473033649556,1449.905700000002980,3
5973.132873097593802,1450.809099999998580,3
5978.131273161538047,1451.755300000004354,3
5983.129773226242833,1452.708100000003469,3
5988.128173275182235,1453.373099999997066,3
5993.126673338955698,1454.047600000005332,3
5998.125073402899943,1454.885899999993853,3
6003.123473466844189,1455.796199999997043,3
6008.121973530617652,1456.765400000003865,3
6013.120373579557054,1457.737899999992806,3
6018.118773644432622,1458.629799999995157,3
6023.117273708206085,1459.435400000002119,3
6028.115673772150330,1460.180200000002515,3
6033.114173835923793,1460.846300000004703,3
6038.112573884863195,1461.343599999992875,3
6043.110973948807441,1461.730599999995320,3
6048.109474013512227,1462.325800000005984,3
6053.107874077456472,1463.060100000002421,3
6058.106274141400718,1463.782900000005611,3
6063.104774205174181,1464.506299999993644,3
6068.103174254113583,1465.261199999993551,3
6073.101674317887046,1466.120899999994435,3
6078.100074381831291,1467.275099999998929,3
6083.098474445775537,1468.628400000001420,3
6088.096974510480322,1470.021399999997811,3
6093.095374559419724,1471.165800000002491,3
6098.093774623363970,1472.165099999998347,3
6103.092274687137433,1473.119999999995343,3
6108.090674751081679,1474.024999999994179,3
6113.089174815786464,1474.872700000007171,3
6118.087574864725866,1475.672900000005029,3
6123.085974928670112,1476.418799999999464,3
6128.084474992443575,1477.102299999998650,3
6133.082875056387820,1478.032000000006519,3
6138.081275120332066,1478.854099999996834,3
6143.079775169100685,1479.538700000004610,3
6148.078175233044931,1480.131599999993341,3
6153.076675297749716,1480.862699999997858,3
6158.075075361693962,1481.778699999995297,3
6163.073475425638208,1482.704500000007101,3
6168.071975489411670,1483.484599999996135,3
6173.070375538351072,1484.074699999997392,3
6178.068775602295318,1484.588600000002771,3
6183.067275667000104,1485.086599999995087,3
6188.065675730944349,1485.666400000001886,3
6193.064175794717812,1486.540500000002794,3
6198.062575843657214,1487.599100000006729,3
6203.060975907601460,1488.551600000006147,3
6208.059475971374923,1489.392999999996391,3
6213.057876035319168,1490.261299999998300,3
6218.056276100194737,1491.143299999996088,3
6223.054776148963356,1491.993700000006356,3
6228.053176212907601,1492.801300000006449,3
6233.051676276681064,1493.574200000002747,3
6238.050076340625310,1494.344200000006822,3
6243.048476404569556,1495.311700000005658,3
6248.046976469274341,1496.417799999995623,3
6253.045376518213743,1497.364100000006147,3
6258.043776582157989,1498.162800000005518,3
6263.042276645931452,1498.931299999996554,3
6268.040676709875697,1499.686300000001211,3
6273.039176773649160,1500.410000000003492,3
6278.037576822588562,1501.091000000000349,3
6283.035976886532808,1501.752500000002328,3
6288.034476951237593,1502.591799999994691,3
6293.032877015181839,1503.581600000004983,3
6298.031277079126085,1504.603700000006938,3
6303.029777127894704,1505.650200000003679,3
6308.028177191838950,1506.678400000004331,3
6313.026677256543735,1507.236999999993714,3
6318.025077320487981,1507.701000000000931,3
6323.023477384432226,1508.330700000005891,3
6328.021977433200846,1508.995800000004238,3
6333.020377497145091,1509.671600000001490,3
6338.018777561089337,1510.350099999996019,3
6343.017277624862800,1511.033899999994901,3
6348.015677688807045,1511.614700000005541,3
6353.014177753511831,1512.133700000005774,3
6358.012577802451233,1512.679000000003725,3
6363.010977866395478,1513.246599999998580,3
6368.009477930168941,1513.754700000004959,3
6373.007877994113187,1514.226500000004307,3
6378.006278058057433,1514.721300000004703,3
6383.004778107757375,1515.286300000007031,3
6388.003178171701620,1515.909599999999045,3
6393.001678235475083,1516.549299999998766,3
6398.000078299419329,1517.182400000005146,3
6402.998478363363574,1517.789300000004005,3
6407.996978412132194,1518.408800000004703,3
6412.995378476076439,1519.135099999999511,3
6417.993778540952007,1519.973199999993085,3
6422.992278604725470,1520.868100000006962,3
6427.990678668669716,1521.800700000007055,3
6432.989178717438335,1522.695099999997183,3
6437.987578781382581,1523.098899999997229,3
6442.985978845326827,1523.153000000005704,3
6447.984478910031612,1523.208400000003166,3
6452.982878973975858,1523.362399999998161,3
6457.981279037920103,1523.713600000002771,3
6462.979779086688723,1524.262499999997090,3
6467.978179150632968,1524.937000000005355,3
6472.976679214406431,1525.683999999993830,3
6477.975079278350677,1526.473599999997532,3
6482.973479342294922,1527.290500000002794,3
6487.971979391994864,1528.127299999992829,3
6492.970379455939110,1528.977899999998044,3
6497.968779519883356,1529.834700000006706,3
6502.967279583656818,1530.683799999998882,3
6507.965679647601064,1531.500199999994948,3
6512.964179697301006,1532.229800000000978,3
6517.962579761245252,1532.700200000006589,3
6522.960979825189497,1532.967300000003888,3
6527.959479888962960,1533.311100000006263,3
6532.957879952907206,1533.758900000000722,3
6537.956280001846608,1534.251000000003842,3
6542.954780065620071,1534.787500000005821,3
6547.953180129564316,1535.391699999992852,3
6552.951680194269102,1535.925600000002305,3
6557.950080258213347,1536.375899999999092,3
6562.948480322157593,1536.819199999998091,3
6567.946980370926212,1537.280299999998533,3
6572.945380434870458,1537.960000000006403,3
6577.943780498814704,1538.585999999995693,3
6582.942280563519489,1539.003400000001420,3
6587.940680627463735,1539.410000000003492,3
6592.939180676232354,1539.838499999998021,3
6597.937580740176600,1540.308799999998882,3
6602.935980804120845,1540.879199999995762,3
6607.934480867894308,1541.621599999998580,3
6612.932880931838554,1542.317299999995157,3
6617.931280981709278,1542.884900000004563,3
6622.929781045482741,1543.325599999996484,3
6627.928181109426987,1543.651700000002165,3
6632.926681173200450,1543.840200000006007,3
6637.925081237144695,1544.018800000005285,3
6642.923481286084098,1544.135899999993853,3
6647.921981350788883,1544.253800000005867,3
6652.920381414733129,1544.559899999992922,3
6657.918781478677374,1545.010500000003958,3
6662.917281542450837,1545.510599999994156,3
6667.915681606395083,1546.036999999996624,3
6672.914181655163702,1546.653200000000652,3
6677.912581719107948,1547.278900000004796,3
6682.910981783052193,1547.820600000006380,3
6687.909481847756979,1548.428899999998976,3
6692.907881911701224,1549.142099999997299,3
6697.906281960640626,1549.763800000000629,3
6702.904782024414089,1550.287899999995716,3
6707.903182088358335,1550.865799999999581,3
6712.901682153063120,1551.492499999993015,3
6717.900082217007366,1552.112599999993108,3
6722.898482265946768,1552.688200000004144,3
6727.896982329720231,1553.197299999999814,3
6732.895382393664477,1553.638600000005681,3
6737.893782457608722,1554.059800000002724,3
6742.892282521382185,1554.544200000003912,3
6747.890682585326431,1555.182000000000698,3
6752.889182635026373,1555.767800000001444,3
6757.887582698970618,1556.291700000001583,3
6762.885982762914864,1556.876099999994040,3
6767.884482826688327,1557.248600000006263,3
6772.882882890632573,1557.485700000004726,3
6777.881282939571975,1557.804900000002817,3
6782.879783004276760,1558.199399999997695,3
6787.878183068221006,1558.567299999995157,3
6792.876683131994469,1558.915500000002794,3
6797.875083195938714,1559.299499999993714,3
6802.873483244878116,1559.717000000004191,3
6807.871983308651579,1560.163100000005215,3
6812.870383372595825,1560.619000000006054,3
6817.868783437471393,1561.071599999995669,3
6822.867283501244856,1561.518700000000536,3
6827.865683550184258,1561.963600000002771,3
6832.864183613957721,1562.410799999997835,3
6837.862583677901966,1562.861199999999371,3
6842.860983741846212,1563.306299999996554,3
6847.859483806550998,1563.713399999993271,3
6852.857883870495243,1564.086599999995087,3
6857.856283919434645,1564.451799999995274,3
6862.854783983208108,1564.816500000000815,3
6867.853184047152354,1565.182700000004843,3
6872.851684110925817,1565.551999999996042,3
6877.850084174870062,1565.926500000001397,3
6882.848484223809464,1566.308199999999488,3
6887.846984288514250,1566.700899999996182,3
6892.845384352458495,1567.113500000006752,3
6897.843784416402741,1567.562399999995250,3
6902.842284480176204,1568.050000000002910,3
6907.840684529115606,1568.551300000006449,3
6912.839184593820391,1568.904699999999139,3
6917.837584657764637,1569.146299999993062,3
6922.835984721708883,1569.405799999993178,3
6927.834484785482346,1569.692699999999604,3
6932.832884834421748,1569.999400000000605,3
6937.831284898365993,1570.323000000003958,3
6942.829784962139456,1570.660000000003492,3
6947.828185026083702,1570.984599999996135,3
6952.826685090788487,1571.202999999994063,3
6957.825085154732733,1571.470799999995506,3
6962.823485203672135,1571.917499999995925,3
6967.821985267445598,1572.504899999999907,3
6972.820385331389843,1573.221499999999651,3
6977.818785395334089,1574.033299999995506,3
6982.817285460038875,1574.535199999998440,3
6987.815685508978277,1574.795199999993201,3
6992.814185572751740,1575.102899999998044,3
6997.812585636695985,1575.437900000004447,3
7002.810985700640231,1575.746499999993830,3
7007.809485764413694,1575.983800000001793,3
7012.807885813353096,1576.159599999999045,3
7017.806285878228664,1576.333299999998417,3
7022.804785942002127,1576.606400000004214,3
7027.803186005946372,1576.979200000001583,3
7032.801686069719835,1577.388900000005378,3
7037.800086118659237,1577.560299999997369,3
7042.798486182603483,1577.649999999994179,3
7047.796986247308269,1577.862299999993411,3
7052.795386311252514,1578.163899999999558,3
7057.793786375196760,1578.543999999994412,3
7062.792286438970223,1578.961299999995390,3
7067.790686487909625,1579.383000000001630,3
7072.789186551683088,1579.642200000002049,3
7077.787586615627333,1579.737599999993108,3
7082.785986679571579,1579.835800000000745,3
7087.784486744276364,1580.004799999995157,3
7092.782886793215766,1580.306200000006356,3
7097.781286857160012,1580.683399999994435,3
7102.779786920933475,1580.958599999998114,3
7107.778186984877721,1581.168600000004517,3
7112.776687049582506,1581.572299999999814,3
7117.775087098521908,1582.147100000001956,3
7122.773487162466154,1582.349000000001979,3
7127.771987226239617,1582.232600000003004,3
7132.770387290183862,1582.223700000002282,3
7137.768787354128108,1582.316800000000512,3
7142.767287402896727,1582.424899999998161,3
7147.765687466840973,1582.539399999994203,3
7152.764187531545758,1582.659799999993993,3
7157.762587595490004,1582.781400000007125,3
7162.760987659434250,1582.904800000003888,3
7167.759487723207712,1583.053599999999278,3
7172.757887772147114,1583.191500000000815,3
7177.756287836091360,1583.194799999997485,3
7182.754787900796146,1583.055699999997159,3
7187.753187964740391,1582.856199999994715,3
7192.751688028513854,1582.873300000006566,3
7197.750088077453256,1583.076499999995576,3
7202.748488141397502,1583.272800000006100,3
7207.746988205170965,1583.468800000002375,3
7212.745388269115210,1583.654200000004494,3
7217.743788333990778,1583.830499999996391,3
7222.742288382759398,1584.013800000000629,3
7227.740688446703643,1584.197499999994761,3
7232.739188510477106,1584.325200000006589,3
7237.737588574421352,1584.399000000004889,3
7242.735988638365598,1584.458700000002864,3
7247.734488703070383,1584.510099999999511,3
7252.732888752009785,1584.564100000003236,3
7257.731288815954031,1584.620100000000093,3
7262.729788879727494,1584.671199999997043,3
7267.728188943671739,1584.721499999999651,3
7272.726689007445202,1584.770099999994272,3
7277.725089056384604,1584.821599999995669,3
7282.723489120328850,1585.001000000003842,3
7287.721989185033635,1585.350000000005821,3
7292.720389248977881,1585.780199999993783,3
7297.718789312922127,1586.238599999996950,3
7302.717289361690746,1586.702999999994063,3
7307.715689425634991,1587.162599999996019,3
7312.714189490339777,1587.607399999993504,3
7317.712589554284023,1588.024300000004587,3
7322.710989618228268,1588.400200000003679,3
7327.709489666996888,1588.824299999992945,3
7332.707889730941133,1589.310400000002119,3
7337.706289794885379,1589.664600000003702,3
7342.704789858658842,1589.904399999999441,3
7347.703189922603087,1590.141399999993155,3
7352.701689987307873,1590.359500000005937,3
7357.700090036247275,1590.558000000004540,3
7362.698490100191520,1591.021699999997509,3
7367.696990163964983,1591.703500000003260,3
7372.695390227909229,1592.350000000005821,3
7377.693790291853475,1592.963600000002771,3
7382.692290341553417,1593.562300000005052,3
7387.690690405497662,1594.152100000006612,3
7392.689190469271125,1594.723299999997835,3
7397.687590533215371,1595.284599999999045,3
7402.685990597159616,1595.863700000001700,3
7407.684490645928236,1596.462400000003981,3
7412.682890709872481,1597.057899999999790,3
7417.681290774748049,1597.619300000005751,3
7422.679790838521512,1598.126499999998487,3
7427.678190902465758,1598.521800000002258,3
7432.676690951234377,1599.054099999993923,3
7437.675091015178623,1599.691999999995460,3
7442.673491079122869,1600.248099999997066,3
7447.671991143827654,1600.791599999996834,3
7452.670391207771900,1601.331399999995483,3
7457.668791271716145,1601.816900000005262,3
7462.667291320484765,1602.281199999997625,3
7467.665691384429010,1602.742400000002817,3
7472.664191448202473,1603.170199999993201,3
7477.662591512146719,1603.596499999999651,3
7482.660991576090964,1604.092799999998533,3
7487.659491625790906,1604.668499999999767,3
7492.657891689735152,1605.250700000004144,3
7497.656291753679398,1605.817800000004354,3
7502.654791817452860,1606.389200000005076,3
7507.653191881397106,1606.951400000005378,3
7512.651691931097048,1607.417300000000978,3
7517.650091995041294,1607.691800000000512,3
7522.648492058985539,1607.850000000005821,3
7527.646992122759002,1608.013800000000629,3
7532.645392186703248,1608.207399999999325,3
7537.643792235642650,1608.422900000005029,3
7542.642292299416113,1608.652300000001560,3
7547.640692363360358,1608.902100000006612,3
7552.639192428065144,1609.207200000004377,3
7557.637592492009389,1609.563099999999395,3
7562.635992555953635,1609.934299999993527,3
7567.634492604722254,1610.312999999994645,3
7572.632892668666500,1610.701799999995274,3
7577.631292732610746,1611.106499999994412,3
7582.629792797315531,1611.534499999994296,3
7587.628192861259777,1611.983900000006543,3
7592.626692910028396,1612.448300000003655,3
7597.625092973972642,1612.942999999999302,3
7602.623493037916887,1613.535199999998440,3
7607.621993101690350,1614.193299999998999,3
7612.620393165634596,1614.838600000002771,3
7617.618793215505320,1615.484800000005635,3
7622.617293279278783,1616.178700000004028,3
7627.615693343223029,1616.903500000000349,3
7632.614193406996492,1617.618100000006962,3
7637.612593470940737,1618.339200000002165,3
7642.610993519880140,1619.124100000000908,3
7647.609493584584925,1619.978499999997439,3
7652.607893648529171,1620.856400000004214,3
7657.606293712473416,1621.664300000004005,3
7662.604793776246879,1622.398600000000442,3
7667.603193840191125,1623.130399999994552,3
7672.601693888959744,1623.862299999993411,3
7677.600093952903990,1624.538700000004610,3
7682.598494016848235,1625.156499999997322,3
7687.596994081553021,1625.704100000002654,3
7692.595394145497266,1626.122900000002119,3
7697.593794194436668,1626.446899999995367,3
7702.592294258210131,1626.747499999997672,3
7707.590694322154377,1627.260099999999511,3
7712.589194386859162,1627.944699999992736,3
7717.587594450803408,1628.473199999993085,3
7722.585994499742810,1628.852599999998347,3
7727.584494563516273,1629.249899999995250,3
7732.582894627460519,1629.689400000002934,3
7737.581294691404764,1630.147800000006100,3
7742.579794755178227,1630.649699999994482,3
7747.578194819122473,1631.278900000004796,3
7752.576694868822415,1632.038899999999558,3
7757.575094932766660,1632.833299999998417,3
7762.573494996710906,1633.445399999996880,3
7767.571995060484369,1633.885099999999511,3
7772.570395124428615,1634.281199999997625,3
7777.568795173368017,1634.870899999994435,3
7782.567295238072802,1635.711400000000140,3
7787.565695302017048,1636.591000000000349,3
7792.564195365790511,1637.236099999994622,3
7797.562595429734756,1637.652300000001560,3
7802.560995478674158,1638.014500000004773,3
7807.559495542447621,1638.353900000001886,3
7812.557895606391867,1638.734200000006240,3
7817.556295671267435,1639.161399999997229,3
7822.554795735040898,1639.651700000002165,3
7827.553195783980300,1640.123200000001816,3
7832.551695847753763,1640.560599999997066,3
7837.550095911698008,1640.930699999997159,3
7842.548495975642254,1641.247199999997974,3
7847.546996040347040,1641.614600000000792,3
7852.545396104291285,1642.020000000004075,3
7857.543796153230687,1642.382400000002235,3
7862.542296217004150,1642.684999999997672,3
7867.540696280948396,1642.969500000006519,3
7872.539196344721859,1643.256500000003143,3
7877.537596408666104,1643.564599999997881,3
7882.535996457605506,1643.887600000001839,3
7887.534496522310292,1644.187799999999697,3
7892.532896586254537,1644.351699999999255,3
7897.531296650198783,1644.387199999997392,3
7902.529796713972246,1644.405499999993481,3
7907.528196762911648,1644.427100000000792,3
7912.526696827616433,1644.436199999996461,3
7917.525096891560679,1644.397200000006706,3
7922.523496955504925,1644.336400000000140,3
7927.521997019278388,1644.513300000005984,3
7932.520397068217790,1644.929900000002817,3
7937.518797132162035,1645.183999999993830,3
7942.517297195935498,1645.233399999997346,3
7947.515697259879744,1645.268100000001141,3
7952.514197324584529,1645.327499999999418,3
7957.512597388528775,1645.407800000000861,3
7962.510997437468177,1645.499599999995553,3
7967.509497501241640,1645.608999999996740,3
7972.507897565185885,1645.739600000000792,3
7977.506297629130131,1645.819900000002235,3
7982.504797693834917,1645.862099999998463,3
7987.503197742774319,1645.952799999999115,3
7992.501697806547782,1646.074999999997090,3
7997.500097870492027,1646.219800000006217,3
8002.498497934436273,1646.392600000006496,3
8007.496997998209736,1646.596099999995204,3
8012.495398047149138,1646.843800000002375,3
8017.493798112024706,1647.112999999997555,3
8022.492298175798169,1647.280700000002980,3
8027.490698239742414,1647.344700000001467,3
8032.489198303515877,1647.477499999993597,3
8037.487598352455279,1647.677299999995739,3
8042.485998416399525,1647.894100000004983,3
8047.484498481104310,1648.190700000006473,3
8052.482898545048556,1648.328699999998207,3
8057.481298608992802,1648.267000000007101,3
8062.479798672766265,1648.204100000002654,3
8067.478198721705667,1648.097299999993993,3
8072.476698785479130,1647.974600000001374,3
8077.475098849423375,1647.863700000001700,3
8082.473498913367621,1647.766099999993457,3
8087.471998978072406,1647.678499999994528,3
8092.470399027011808,1647.615799999999581,3
8097.468799090956054,1647.585399999996298,3
8102.467299154729517,1647.575899999996182,3
8107.465699218673763,1647.579899999996996,3
8112.464199283378548,1647.587199999994482,3
8117.462599332317950,1647.588699999992969,3
8122.460999396262196,1647.579100000002654,3
8127.459499460035659,1647.562500000000000,3
8132.457899523979904,1647.398199999995995,3
8137.456299587924150,1647.084400000007008,3
8142.454799636692769,1646.783800000004703,3
8147.453199700637015,1646.503800000005867,3
8152.451699765341800,1646.329299999997602,3
8157.450099829286046,1646.264800000004470,3
8162.448499893230291,1646.222999999998137,3
8167.446999957003754,1646.193599999998696,3
8172.445400005943156,1646.120599999994738,3
8177.443800069887402,1646.005499999999302,3
8182.442300134592188,1645.920700000002398,3
8187.440700198536433,1645.890100000004168,3
8192.439200262309896,1645.685599999997066,3
8197.437600311250208,1645.228000000002794,3
8202.436000375195363,1644.692399999999907,3
8207.434500438968826,1644.287700000000768,3
8212.432900502913981,1644.029399999999441,3
8217.431300567790458,1643.732799999997951,3
8222.429800616559078,1643.414199999999255,3
8227.428200680504233,1643.051600000006147,3
8232.426700744277696,1642.606799999994109,3
8237.425100808222851,1642.080199999996694,3
8242.423500872168006,1641.561400000005960,3
8247.422000936872791,1641.312699999994948,3
8252.420400985813103,1641.360799999994924,3
8257.418801049758258,1641.453200000003562,3
8262.417301113531721,1641.516799999997602,3
8267.415701177476876,1641.513999999995576,3
8272.414201241250339,1641.379199999995762,3
8277.412601290190651,1641.126399999993737,3
8282.411001354135806,1640.833799999993062,3
8287.409501418840591,1640.508499999996275,3
8292.407901482785746,1640.125899999999092,3
8297.406301546730901,1639.689299999998184,3
8302.404801595499521,1639.194499999997788,3
8307.403201659444676,1638.654699999999139,3
8312.401701724149461,1638.124599999995553,3
8317.400101788094616,1637.633900000000722,3
8322.398501852039772,1637.209099999992759,3
8327.397001900808391,1636.873099999997066,3
8332.395401964753546,1636.645600000003469,3
8337.393802028698701,1636.521800000002258,3
8342.392302092472164,1636.270999999993364,3
8347.390702156417319,1635.823300000003655,3
8352.389202221122105,1635.400200000003679,3
8357.387602270062416,1635.048599999994622,3
8362.386002334007571,1634.558199999999488,3
8367.384502397781034,1633.816800000000512,3
8372.382902461726189,1633.042499999995925,3
8377.381302525671344,1632.344299999997020,3
8382.379802575371286,1631.726999999998952,3
8387.378202639316441,1631.185100000002421,3
8392.376702703089904,1630.707699999999022,3
8397.375102767035060,1630.270699999993667,3
8402.373502830980215,1629.881500000003143,3
8407.372002879748834,1629.582800000003772,3
8412.370402943693989,1629.397100000001956,3
8417.368803008570467,1629.307799999995041,3
8422.367303072343930,1629.110400000005029,3
8427.365703136289085,1628.763399999996182,3
8432.364203185057704,1628.443100000004051,3
8437.362603249002859,1628.130399999994552,3
8442.361003312948014,1627.796199999997043,3
8447.359503377652800,1627.448000000003958,3
8452.357903441597955,1627.125400000004447,3
8457.356303505543110,1626.739499999996042,3
8462.354803554311729,1626.244999999995343,3
8467.353203618256885,1625.750899999999092,3
8472.351703682030347,1625.279399999999441,3
8477.350103745975503,1624.857999999992899,3
8482.348503809920658,1624.353900000001886,3
8487.347003859620600,1623.678700000004028,3
8492.345403923565755,1622.975200000000768,3
8497.343803987510910,1622.336299999995390,3
8502.342304051284373,1621.915500000002794,3
8507.340704115229528,1621.682100000005448,3
8512.339204164929470,1621.442500000004657,3
8517.337604228874625,1621.245999999999185,3
8522.336004292819780,1621.110499999995227,3
8527.334504356593243,1620.958499999993364,3
8532.332904420538398,1620.711599999995087,3
8537.331304469478710,1620.369900000005146,3
8542.329804533252172,1620.022800000006100,3
8547.328204597197328,1619.660000000003492,3
8552.326704661902113,1619.289600000003702,3
8557.325104725847268,1618.886899999997695,3
8562.323504789792423,1618.447799999994459,3
8567.322004838561043,1618.025399999998626,3
8572.320404902506198,1617.632899999996880,3
8577.318804966451353,1617.331999999994878,3
8582.317305031156138,1617.125499999994645,3
8587.315705095101293,1616.894400000004680,3
8592.314205143869913,1616.587899999998626,3
8597.312605207815068,1616.211699999999837,3
8602.311005271760223,1615.845700000005309,3
8607.309505335533686,1615.527900000000955,3
8612.307905399478841,1615.251900000002934,3
8617.306305449350475,1615.013800000000629,3
8622.304805513123938,1614.733999999996740,3
8627.303205577069093,1614.402900000000955,3
8632.301705640842556,1614.118900000001304,3
8637.300105704787711,1613.878500000006170,3
8642.298505753728023,1613.650099999998929,3
8647.297005818432808,1613.412100000001374,3
8652.295405882377963,1613.147299999996903,3
8657.293805946323118,1612.822700000004261,3
8662.292306010096581,1612.417100000006030,3
8667.290706074041736,1611.957599999994272,3
8672.289206122810356,1611.502600000007078,3
8677.287606186755511,1611.212199999994482,3
8682.286006250700666,1611.021599999992759,3
8687.284506315405451,1610.757800000006682,3
8692.282906379350607,1610.554499999998370,3
8697.281306428290918,1610.465899999995600,3
8702.279806492064381,1610.445999999996275,3
8707.278206556009536,1610.365799999999581,3
8712.276706620714322,1610.186000000001513,3
8717.275106684659477,1609.976800000004005,3
8722.273506733599788,1609.758700000005774,3
8727.272006797373251,1609.524199999999837,3
8732.270406861318406,1609.244900000005146,3
8737.268806925263561,1608.924700000003213,3
8742.267306989037024,1608.612500000002910,3
8747.265707052982179,1608.319699999992736,3
8752.264207102682121,1608.024499999999534,3
8757.262607166627276,1607.717999999993481,3
8762.261007230572432,1607.412899999995716,3
8767.259507294345894,1607.121599999998580,3
8772.257907358291050,1606.856700000003912,3
8777.256307407231361,1606.619999999995343,3
8782.254807471936147,1606.398199999995995,3
8787.253207535881302,1606.204400000002352,3
8792.251707599654765,1605.857099999993807,3
8797.250107663599920,1605.302899999995134,3
8802.248507712540231,1604.759500000000116,3
8807.247007776313694,1604.294899999993504,3
8812.245407840258849,1603.918499999999767,3
8817.243807905135327,1603.515499999994063,3
8822.242307968908790,1603.071500000005472,3
8827.240708017849101,1602.591899999999441,3
8832.239208081622564,1602.086699999999837,3
8837.237608145567719,1601.564799999992829,3
8842.236008209512875,1601.033100000000559,3
8847.234508274217660,1600.496100000003935,3
8852.232908338162815,1599.954599999997299,3
8857.231308387103127,1599.404899999994086,3
8862.229808450876590,1598.842399999994086,3
8867.228208514821745,1598.262700000006589,3
8872.226708578595208,1597.661800000001676,3
8877.225108642540363,1597.035099999993690,3
8882.223508691480674,1596.382199999992736,3
8887.222008756185460,1595.706799999999930,3
8892.220408820130615,1595.006899999993038,3
8897.218808884075770,1594.274000000004889,3
8902.217308947849233,1593.505900000003749,3
8907.215708996789544,1592.852799999993294,3
8912.214209061494330,1592.365099999995437,3
8917.212609125439485,1591.950700000001234,3
8922.211009189384640,1591.632100000002538,3
8927.209509253158103,1591.321800000005169,3
8932.207909302098415,1591.023000000001048,3
8937.206309366043570,1590.721799999999348,3
8942.204809429817033,1590.241999999998370,3
8947.203209493762188,1589.540099999998347,3
8952.201709558466973,1588.819900000002235,3
8957.200109622412128,1588.104200000001583,3
8962.198509671352440,1587.394100000004983,3
8967.197009735125903,1586.712499999994179,3
8972.195409799071058,1586.044399999998859,3
8977.193809863016213,1585.324099999997998,3
8982.192309927720999,1584.521699999997509,3
8987.190709976661310,1583.621899999998277,3
8992.189210040434773,1582.681700000001001,3
8997.187610104379928,1582.240900000004331,3
9002.186010168325083,1582.432400000005146,3
9007.184510232098546,1582.607600000003004,3
9012.182910281038858,1582.702999999994063,3
9017.181310345915335,1582.736300000004121,3
9022.179810409688798,1582.708100000003469,3
9027.178210473633953,1582.588499999998021,3
9032.176710537407416,1582.375299999999697,3
9037.175110586347728,1582.114000000001397,3
9042.173510650292883,1581.818700000003446,3
9047.172010714997668,1581.488800000006449,3
9052.170410778942824,1581.124700000000303,3
9057.168810842887979,1580.724100000006729,3
9062.167310906661442,1580.289900000003399,3
9067.165710955601753,1579.903800000000047,3
9072.164211019375216,1579.656000000002678,3
9077.162611083320371,1579.457599999994272,3
9082.161011147265526,1579.165099999998347,3
9087.159511211970312,1578.775999999998021,3
9092.157911260910623,1578.364700000005541,3
9097.156311324855778,1577.981799999994109,3
9102.154811388629241,1577.660199999998440,3
9107.153211452574396,1577.407399999996414,3
9112.151711517279182,1576.945800000001327,3
9117.150111566219493,1576.198900000003050,3
9122.148511630164649,1575.521399999997811,3
9127.147011693938111,1574.950500000006286,3
9132.145411757883267,1574.311900000000605,3
9137.143811821828422,1573.598700000002282,3
9142.142311870597041,1573.044299999994109,3
9147.140711934542196,1572.617599999997765,3
9152.139211999246982,1572.291299999997136,3
9157.137612063192137,1572.008000000001630,3
9162.136012127137292,1571.593399999997928,3
9167.134512190910755,1570.991200000004028,3
9172.132912239851066,1570.378200000006473,3
9177.131312303796221,1569.780400000003283,3
9182.129812368501007,1569.201600000000326,3
9187.128212432446162,1568.637499999997090,3
9192.126712496219625,1568.081900000004680,3
9197.125112545159936,1567.529099999999744,3
9202.123512609105092,1566.963399999993271,3
9207.122012672878554,1566.379100000005565,3
9212.120412736823710,1565.792600000000675,3
9217.118812801700187,1565.206000000005588,3
9222.117312850468807,1564.628200000006473,3
9227.115712914413962,1564.081999999994878,3
9232.114212978187425,1563.584600000001956,3
9237.112613042132580,1562.986600000003818,3
9242.111013106077735,1562.232000000003609,3
9247.109513170782520,1561.528600000005099,3
9252.107913219722832,1560.853700000006938,3
9257.106313283667987,1560.137600000001839,3
9262.104813347441450,1559.329899999996996,3
9267.103213411386605,1558.600500000000466,3
9272.101713475160068,1558.110499999995227,3
9277.100113524100379,1557.687500000000000,3
9282.098513588045535,1557.266900000002352,3
9287.097013652750320,1556.764599999994971,3
9292.095413716695475,1556.192500000004657,3
9297.093813780640630,1555.671700000006240,3
9302.092313829409250,1555.142399999996996,3
9307.090713893354405,1554.601200000004610,3
9312.089213958059190,1554.071400000000722,3
9317.087614022004345,1553.421900000001187,3
9322.086014085949500,1552.621499999993830,3
9327.084514134718120,1551.948499999998603,3
9332.082914198663275,1551.395600000003469,3
9337.081314262608430,1550.642800000001444,3
9342.079814326381893,1549.648499999995693,3
9347.078214390327048,1548.769000000000233,3
9352.076714455031833,1548.014299999995274,3
9357.075114503972145,1547.347200000003795,3
9362.073514567917300,1546.745999999999185,3
9367.072014631690763,1546.167799999995623,3
9372.070414695635918,1545.566200000001118,3
9377.068814759581073,1544.894499999994878,3
9382.067314809281015,1544.180500000002212,3
9387.065714873226170,1543.469500000006519,3
9392.064214936999633,1542.721600000004400,3
9397.062615000944788,1541.848599999997532,3
9402.061015064889943,1540.867400000002817,3
9407.059515113658563,1540.048200000004726,3
9412.057915177603718,1539.483600000006845,3
9417.056315242480196,1538.911399999997229,3
9422.054815306253658,1538.253599999996368,3
9427.053215370198814,1537.545400000002701,3
9432.051715418967433,1536.791899999996531,3
9437.050115482912588,1536.011799999992945,3
9442.048515546857743,1535.227799999993294,3
9447.047015611562529,1534.455000000001746,3
9452.045415675507684,1533.707099999999627,3
9457.043815739452839,1532.868100000006962,3
9462.042315788221458,1531.929799999998068,3
9467.040715852166613,1531.105899999995017,3
9472.039215915940076,1530.341100000005099,3
9477.037615979885231,1529.503800000005867,3
9482.036016043830386,1528.546700000006240,3
9487.034516093530328,1527.609500000005937,3
9492.032916157475483,1526.711400000000140,3
9497.031316221420639,1525.850300000005518,3
9502.029816285194102,1525.020900000003166,3
9507.028216349139257,1524.211800000004587,3
9512.026716398839199,1523.400399999998626,3
9517.025116462784354,1522.585500000001048,3
9522.023516526729509,1521.801800000001094,3
9527.022016590502972,1521.176699999996345,3
9532.020416654448127,1520.632899999996880,3
9537.018816703388438,1519.882500000006985,3
9542.017316767161901,1519.061499999996158,3
9547.015716831107056,1518.210699999995995,3
9552.014216895811842,1517.291599999996834,3
9557.012616959756997,1516.292799999995623,3
9562.011017023702152,1515.276400000002468,3
9567.009517072470771,1514.282200000001467,3
9572.007917136415927,1513.347999999998137,3
9577.006317200361082,1512.493600000001607,3
9582.004817265065867,1511.700200000006589,3
9587.003217329011022,1510.963199999998324,3
9592.001717377779642,1510.269000000000233,3
9597.000117441724797,1509.574500000002445,3
9601.998517505669952,1508.836500000004889,3
9606.997017569443415,1508.072599999999511,3
9611.995417633388570,1507.328699999998207,3
9616.993817683260204,1506.646099999998114,3
9621.992317747033667,1505.933499999999185,3
9626.990717810978822,1505.141799999997602,3
9631.989217874752285,1504.437000000005355,3
9636.987617938697440,1503.810599999997066,3
9641.986017987637752,1503.326600000000326,3
9646.984518052342537,1502.876399999993737,3
9651.982918116287692,1502.297999999995227,3
9656.981318180232847,1501.529999999998836,3
9661.979818244006310,1500.462299999999232,3
9666.978218307951465,1499.482799999997951,3
9671.976718356720085,1498.620599999994738,3
9676.975118420665240,1497.949099999997998,3
9681.973518484610395,1497.466100000005099,3
9686.972018549315180,1496.682600000000093,3
9691.970418613260335,1495.417300000000978,3
9696.968818662200647,1494.202399999994668,3
9701.967318725974110,1492.987500000002910,3
9706.965718789919265,1491.729900000005728,3
9711.964218854624050,1490.471099999995204,3
9716.962618918569206,1489.254799999995157,3
9721.961018967509517,1488.148300000000745,3
9726.959519031282980,1487.168499999999767,3
9731.957919095228135,1486.225099999996019,3
9736.956319159173290,1485.267200000002049,3
9741.954819222946753,1484.246599999998580,3
9746.953219286891908,1483.161399999997229,3
9751.951719336591850,1482.081699999995180,3
9756.950119400537005,1481.068299999998999,3
9761.948519464482160,1480.206200000000536,3
9766.947019528255623,1479.503100000001723,3
9771.945419592200778,1478.815799999996671,3
9776.943819641141090,1478.055999999996857,3
9781.942319705845875,1477.179399999993620,3
9786.940719769791031,1476.241299999994226,3
9791.939219833564493,1475.273300000000745,3
9796.937619897509649,1474.245100000000093,3
9801.936019946449960,1473.081900000004680,3
9806.934520010223423,1472.126099999994040,3
9811.932920074168578,1471.418399999995017,3
9816.931320139045056,1470.758199999996577,3
9821.929820202818519,1470.207299999994575,3
9826.928220251758830,1469.530799999993178,3
9831.926720315532293,1468.465700000000652,3
9836.925120379477448,1467.290699999997742,3
9841.923520443422603,1466.195800000001327,3
9846.922020508127389,1465.144199999995180,3
9851.920420572072544,1464.115399999995134,3
9856.918820621012856,1463.105599999995320,3
9861.917320684786318,1462.115900000004331,3
9866.915720748731474,1461.133400000006077,3
9871.914220812504936,1460.092000000004191,3
9876.912620876450092,1458.949800000002142,3
9881.911020925390403,1457.758400000006077,3
9886.909520990095189,1456.502099999997881,3
9891.907921054040344,1455.170899999997346,3
9896.906321117985499,1453.937799999999697,3
9901.904821181758962,1452.909899999998743,3
9906.903221230699273,1451.846000000005006,3
9911.901721295404059,1450.751099999994040,3
9916.900121359349214,1449.663599999999860,3
9921.898521423294369,1448.605700000000070,3
9926.897021487067832,1447.553700000004028,3
9931.895421536008143,1446.514500000004773,3
9936.893821599953299,1445.504300000000512,3
9941.892321663726761,1444.541200000006938,3
9946.890721727671917,1443.637900000001537,3
9951.889221792376702,1442.801900000005844,3
9956.887621856321857,1442.036900000006426,3
9961.886021905262169,1441.220700000005309,3
9966.884521969035632,1440.242499999993015,3
9971.882922032980787,1439.262499999997090,3
9976.881322096925942,1438.304600000003120,3
9981.879822161630727,1437.337400000003981,3
9986.878222210571039,1436.332299999994575,3
9991.876722274344502,1435.293999999994412,3
9996.875122338289657,1434.224300000001676,3
10001.873522402234812,1433.119300000005751,3
10006.872022466008275,1431.991399999998976,3
10011.870422514948586,1430.848199999993085,3
10016.868822579825064,1429.702000000004773,3
10021.867322643598527,1428.609899999995832,3
10026.865722707543682,1427.592999999993481,3
10031.864222771317145,1426.550900000002002,3
10036.862622820257457,1425.480599999995320,3
10041.861022884202612,1424.389100000000326,3
10046.859522948907397,1423.237299999993411,3
10051.857923012852552,1422.138699999995879,3
10056.856323076797707,1421.164999999993597,3
10061.854823140571170,1420.107000000003609,3
10066.853223189511482,1418.943899999998393,3
10071.851723253284945,1417.652300000001560,3
10076.850123317230100,1416.183300000004238,3
10081.848523381175255,1414.525500000003376,3
10086.847023445880041,1413.444399999993038,3
10091.845423494820352,1413.486999999993714,3
10096.843823558765507,1413.524000000004889,3
10101.842323622538970,1413.445900000006077,3
10106.840723686484125,1413.083799999993062,3
10111.839223751188911,1412.599799999996321,3
10116.837623800129222,1412.032600000005914,3
10121.836023864074377,1411.356299999999464,3
10126.834523927847840,1410.483099999997648,3
10131.832923991792995,1409.402300000001560,3
10136.831324055738150,1408.263300000005984,3
10141.829824104506770,1407.141300000002957,3
10146.828224168451925,1406.063599999994040,3
10151.826724233156710,1405.031199999997625,3
10156.825124297101866,1404.047300000005635,3
10161.823524361047021,1403.115799999999581,3
10166.822024424820484,1402.238599999996950,3
10171.820424473760795,1401.405100000003586,3
10176.818824537705950,1400.602199999993900,3
10181.817324602410736,1399.816600000005565,3
10186.815724666355891,1399.027799999996205,3
10191.814224730129354,1398.229699999996228,3
10196.812624779069665,1397.435599999997066,3
10201.811024843014820,1396.613899999996647,3
10206.809524906788283,1395.757100000002538,3
10211.807924970733438,1394.904599999994389,3
10216.806325035609916,1393.905499999993481,3
10221.804825084378535,1392.675499999997555,3
10226.803225148323691,1391.472800000003190,3
10231.801725212097153,1390.351699999999255,3
10236.800125276042309,1389.281600000002072,3
10241.798525339987464,1388.156700000006822,3
10246.797025404692249,1387.114700000005541,3
10251.795425453632561,1386.369900000005146,3
10256.793825517577716,1385.550399999992806,3
10261.792325581351179,1384.646599999992759,3
10266.790725645296334,1383.855299999995623,3
10271.789225709069797,1383.163000000000466,3
10276.787625758010108,1382.446500000005472,3
10281.786025821955263,1381.592199999999139,3
10286.784525886660049,1380.789600000003702,3
10291.782925950605204,1380.016199999998207,3
10296.781326014550359,1379.214399999997113,3
10301.779826063318978,1378.299400000003516,3
10306.778226127264134,1377.309599999993225,3
10311.776726191968919,1376.290699999997742,3
10316.775126255914074,1375.233800000001793,3
10321.773526319859229,1374.180800000001909,3
10326.772026368627849,1373.164699999993900,3
10331.770426432573004,1372.250799999994342,3
10336.768826496518159,1371.456500000000233,3
10341.767326560291622,1370.683600000003935,3
10346.765726624236777,1369.919599999993807,3
10351.764226688941562,1369.156300000002375,3
10356.762626737881874,1368.376600000003236,3
10361.761026801827029,1367.546300000001793,3
10366.759526865600492,1366.662599999996019,3
10371.757926929545647,1365.768400000000838,3
10376.756326993490802,1364.854000000006636,3
10381.754827043190744,1363.856199999994715,3
10386.753227107135899,1362.894100000004983,3
10391.751727170909362,1362.163000000000466,3
10396.750127234854517,1361.433300000004238,3
10401.748527298799672,1360.696899999995367,3
10406.747027347568292,1360.041599999996834,3
10411.745427411513447,1359.537700000000768,3
10416.743827476389924,1359.089200000002165,3
10421.742327540163387,1358.556700000001001,3
10426.740727604108542,1357.855200000005425,3
10431.739227652877162,1357.148000000001048,3
10436.737627716822317,1356.457800000003772,3
10441.736027780767472,1355.781900000001770,3
10446.734527845472257,1355.116999999998370,3
10451.732927909417413,1354.461800000004587,3
10456.731327973362568,1353.816200000001118,3
10461.729828022131187,1353.178499999994528,3
10466.728228086076342,1352.540500000002794,3
10471.726728149849805,1351.879499999995460,3
10476.725128213794960,1351.180300000007264,3
10481.723528277740115,1350.468599999992875,3
10486.722028327440057,1349.781300000002375,3
10491.720428391385212,1349.137100000007194,3
10496.718828455330367,1348.475500000000466,3
10501.717328519103830,1347.768500000005588,3
10506.715728583048985,1346.966700000004494,3
10511.714228632748927,1346.090100000001257,3
10516.712628696694082,1345.256299999993644,3
10521.711028760639238,1344.520799999998417,3
10526.709528824412700,1343.969299999997020,3
10531.707928888357856,1343.376099999994040,3
10536.706328937298167,1342.711800000004587,3
10541.704829001071630,1341.945500000001630,3
10546.703229065016785,1341.083199999993667,3
10551.701729129721571,1340.184800000002724,3
10556.700129193666726,1339.284199999994598,3
10561.698529257611881,1338.404099999999744,3
10566.697029306380500,1337.558399999994435,3
10571.695429370325655,1336.747399999992922,3
10576.693829434270810,1335.967900000003283,3
10581.692329498975596,1335.208100000003469,3
10586.690729562920751,1334.455000000001746,3
10591.689229611689370,1333.698300000003655,3
10596.687629675634525,1332.934699999997974,3
10601.686029739579681,1332.168300000004820,3
10606.684529803353144,1331.408200000005309,3
10611.682929867298299,1330.664699999993900,3
10616.681329917169933,1329.940300000002026,3
10621.679829980943396,1329.213199999998324,3
10626.678230044888551,1328.457299999994575,3
10631.676730108662014,1327.678100000004633,3
10636.675130172607169,1326.865600000004633,3
10641.673530221547480,1326.018599999995786,3
10646.672030286252266,1325.154500000004191,3
10651.670430350197421,1324.286399999997229,3
10656.668830414142576,1323.421700000006240,3
10661.667330477916039,1322.563500000003842,3
10666.665730541861194,1321.713799999997718,3
10671.664230590629813,1320.873800000001211,3
10676.662630654574969,1320.044299999994109,3
10681.661030718520124,1319.225900000004913,3
10686.659530783224909,1318.419200000003912,3
10691.657930847170064,1317.623699999996461,3
10696.656330896110376,1316.838499999998021,3
10701.654830959883839,1316.062099999995553,3
10706.653231023828994,1315.291500000006636,3
10711.651731088533779,1314.524300000004587,3
10716.650131152478934,1313.761299999998300,3
10721.648531201419246,1313.005900000003749,3
10726.647031265192709,1312.248000000006869,3
10731.645431329137864,1311.478700000006938,3
10736.643831393083019,1310.721399999994901,3
10741.642331456856482,1309.986499999999069,3
10746.640731520801637,1309.272899999996298,3
10751.639231570501579,1308.545700000002398,3
10756.637631634446734,1307.761799999992945,3
10761.636031698391889,1306.914999999993597,3
10766.634531762165352,1306.079800000006799,3
10771.632931826110507,1305.253599999996368,3
10776.631331875050819,1304.448399999993853,3
10781.629831939755604,1303.695699999996577,3
10786.628232003700759,1303.001600000003236,3
10791.626732067474222,1302.308099999994738,3
10796.625132131419377,1301.575500000006286,3
10801.623532180359689,1300.794699999998556,3
10806.622032244133152,1299.997199999997974,3
10811.620432308078307,1299.194699999992736,3
10816.618832372954785,1298.395399999993970,3
10821.617332436728248,1297.491599999993923,3
10826.615732485668559,1296.341100000005099,3
10831.614232549442022,1295.196700000000419,3
10836.612632613387177,1294.041500000006636,3
10841.611032677332332,1292.894700000004377,3
10846.609532742037118,1291.728000000002794,3
10851.607932805982273,1290.504199999995762,3
10856.606332854922584,1289.297699999995530,3
10861.604832918696047,1288.310500000006869,3
10866.603232982641202,1287.553799999994226,3
10871.601733046414665,1286.729699999996228,3
10876.600133110359820,1285.991200000004028,3
10881.598533159300132,1285.346799999999348,3
10886.597033224004917,1284.641300000002957,3
10891.595433287950073,1283.751999999993131,3
10896.593833351895228,1282.942399999999907,3
10901.592333415668691,1282.058199999999488,3
10906.590733464609002,1280.959400000007008,3
10911.589233529313788,1280.099100000006729,3
10916.587633593258943,1279.398400000005495,3
10921.586033657204098,1278.696800000005169,3
10926.584533720977561,1277.798699999999371,3
10931.582933769917872,1276.854099999996834,3
10936.581333833863027,1275.940199999997276,3
10941.579833897636490,1275.083599999998114,3
10946.578233961581645,1274.210600000005797,3
10951.576734026286431,1273.266499999997905,3
10956.575134090231586,1272.395399999993970,3
10961.573534139171898,1271.612699999997858,3
10966.572034202945360,1270.895600000003469,3
10971.570434266890516,1270.215599999995902,3
10976.568834330835671,1269.528200000000652,3
10981.567334395540456,1268.730700000000070,3
10986.565734444480768,1267.759500000000116,3
10991.564234508254231,1266.739000000001397,3
10996.562634572199386,1265.717600000003586,3
11001.561034636144541,1264.703599999993457,3
11006.559534699918004,1263.692100000000210,3
11011.557934748858315,1262.676500000001397,3
11016.556334813734793,1261.660600000002887,3
11021.554834877508256,1260.706399999995483,3
11026.553234941453411,1259.869500000000698,3
11031.551735005226874,1259.036699999996927,3
11036.550135054167185,1258.183600000003935,3
11041.548535118112341,1257.292499999995925,3
11046.547035182817126,1256.333299999998417,3
11051.545435246762281,1255.293200000000070,3
11056.543835310707436,1254.208400000003166,3
11061.542335374480899,1253.107199999998556,3
11066.540735423421211,1252.006200000003446,3
11071.539235487194674,1250.913899999999558,3
11076.537635551139829,1249.835399999996298,3
11081.536035615084984,1248.774900000003981,3
11086.534535679789769,1247.740300000004936,3
11091.532935728730081,1246.744500000000698,3
11096.531335792675236,1245.776700000002165,3
11101.529835856448699,1244.769400000004680,3
11106.528235920393854,1243.709499999997206,3
11111.526735985098640,1242.743199999997159,3
11116.525136034038951,1241.947199999995064,3
11121.523536097984106,1241.037700000000768,3
11126.522036161757569,1239.888800000000629,3
11131.520436225702724,1238.826400000005378,3
11136.518836289647879,1237.778200000000652,3
11141.517336338416499,1236.739300000001094,3
11146.515736402361654,1235.706699999995180,3
11151.514236467066439,1234.677999999999884,3
11156.512636531011594,1233.651700000002165,3
11161.511036594956749,1232.626799999998184,3
11166.509536658730212,1231.602299999998650,3
11171.507936707670524,1230.576799999995274,3
11176.506336771615679,1229.549199999994016,3
11181.504836836320464,1228.520000000004075,3
11186.503236900265620,1227.491399999998976,3
11191.501736964039083,1226.466700000004494,3
11196.500137012979394,1225.449699999997392,3
11201.498537076924549,1224.443499999993946,3
11206.497037140698012,1223.451400000005378,3
11211.495437204643167,1222.475900000004913,3
11216.493837269519645,1221.519499999994878,3
11221.492337318288264,1220.584499999997206,3
11226.490737382233419,1219.673399999999674,3
11231.489237446006882,1218.788199999995413,3
11236.487637509952037,1217.931700000001001,3
11241.486037573897192,1217.108600000006845,3
11246.484537638601978,1216.322199999995064,3
11251.482937687542289,1215.560899999996764,3
11256.481337751487445,1214.796700000006240,3
11261.479837815260908,1213.945099999997183,3
11266.478237879206063,1212.895099999994272,3
11271.476737942979526,1211.817200000004959,3
11276.475137991919837,1210.768100000001141,3
11281.473538055864992,1209.710600000005797,3
11286.472038120569778,1208.530499999993481,3
11291.470438184514933,1207.297800000000279,3
11296.468838248460088,1206.142200000002049,3
11301.467338297228707,1205.146999999997206,3
11306.465738361173862,1204.104300000006333,3
11311.464238425878648,1202.917700000005425,3
11316.462638489823803,1201.698900000003050,3
11321.461038553768958,1200.478400000007241,3
11326.459538602537577,1199.294299999994109,3
11331.457938666482733,1198.177899999995134,3
11336.456338730427888,1197.141399999993155,3
11341.454838794201351,1196.147299999996903,3
11346.453238858146506,1195.172600000005332,3
11351.451738922851291,1194.203899999993155,3
11356.450138971791603,1193.213000000003376,3
11361.448539035736758,1192.190000000002328,3
11366.447039099510221,1191.098400000002584,3
11371.445439163455376,1189.837700000003679,3
11376.443839227400531,1188.353900000001886,3
11381.442339277100473,1186.896999999997206,3
11386.440739341045628,1185.667100000006030,3
11391.439239404819091,1184.577699999994365,3
11396.437639468764246,1183.742400000002817,3
11401.436039532709401,1182.803299999999581,3
11406.434539581478020,1181.468699999997625,3
11411.432939645423176,1180.305900000006659,3
11416.431339710299653,1179.419800000003306,3
11421.429839774073116,1178.686799999995856,3
11426.428239838018271,1177.932300000000396,3
11431.426739886786891,1177.154299999994691,3
11436.425139950732046,1176.363599999996950,3
11441.423540014677201,1175.558099999994738,3
11446.422040079381986,1174.718999999997322,3
11451.420440143327141,1173.830300000001444,3
11456.418840207272297,1172.907300000006217,3
11461.417340256040916,1171.959799999996903,3
11466.415740319986071,1171.002099999997881,3
11471.414240383759534,1170.043499999999767,3
11476.412640447704689,1169.089699999996810,3
11481.411040511649844,1168.146800000002258,3
11486.409540561349786,1167.225500000000466,3
11491.407940625294941,1166.348700000002282,3
11496.406340689240096,1165.552899999995134,3
11501.404840753013559,1164.858600000006845,3
11506.403240816958714,1164.218999999997322,3
11511.401740866658656,1163.491999999998370,3
11516.400140930603811,1162.539000000004307,3
11521.398540994548966,1161.577199999999721,3
11526.397041058322429,1160.643400000000838,3
11531.395441122267584,1159.738200000007055,3
11536.393841171207896,1158.859800000005635,3
11541.392341234981359,1158.010299999994459,3
11546.390741298926514,1157.194300000002841,3
11551.389241363631299,1156.414300000004005,3
11556.387641427576455,1155.674100000003818,3
11561.386041491521610,1154.971499999999651,3
11566.384541540290229,1154.271099999998114,3
11571.382941604235384,1153.536200000002282,3
11576.381341668180539,1152.844899999996414,3
11581.379841732885325,1152.192800000004354,3
11586.378241796830480,1151.557199999995646,3
11591.376741845599099,1150.912899999995716,3
11596.375141909544254,1150.241500000003725,3
11601.373541973489409,1149.517099999997299,3
11606.372042037262872,1148.710699999995995,3
11611.370442101208027,1147.915299999993294,3
11616.368842151079662,1147.160399999993388,3
11621.367342214853124,1146.467699999993783,3
11626.365742278798280,1145.848899999997229,3
11631.364242342571742,1145.285900000002584,3
11636.362642406516898,1144.733099999997648,3
11641.361042455457209,1144.121100000003935,3
11646.359542520161995,1143.460699999995995,3
11651.357942584107150,1142.797500000000582,3
11656.356342648052305,1142.130699999994249,3
11661.354842711825768,1141.466400000004796,3
11666.353242775770923,1140.805800000001909,3
11671.351742824539542,1140.123399999996764,3
11676.350142888484697,1139.385200000004261,3
11681.348542952429852,1138.638699999995879,3
11686.347043017134638,1137.900999999998021,3
11691.345443081079793,1137.161099999997532,3
11696.343843130020105,1136.243100000006962,3
11701.342343193793567,1135.217699999993783,3
11706.340743257738723,1134.972999999998137,3
11711.339243322443508,1134.658100000000559,3
11716.337643386388663,1134.243600000001607,3
11721.336043435328975,1133.757400000002235,3
11726.334543499102438,1133.162200000006123,3
11731.332943563047593,1132.406499999997322,3
11736.331343626992748,1131.706600000004983,3
11741.329843690766211,1131.047699999995530,3
11746.328243754711366,1130.247900000002119,3
11751.326743804411308,1129.420800000007148,3
11756.325143868356463,1128.349100000006729,3
11761.323543932301618,1127.362299999993411,3
11766.322043996075081,1126.535699999993085,3
11771.320444060020236,1125.778300000005402,3
11776.318844108960548,1125.002200000002631,3
11781.317344173665333,1124.150599999993574,3
11786.315744237610488,1123.380399999994552,3
11791.314244301383951,1123.008400000006077,3
11796.312644365329106,1122.579700000002049,3
11801.311044414269418,1122.094400000001770,3
11806.309544478042881,1121.615300000004936,3
11811.307944541988036,1121.194499999997788,3
11816.306344606864513,1120.683499999999185,3
11821.304844670637976,1120.002500000002328,3
11826.303244719578288,1119.265199999994365,3
11831.301744783351751,1118.505399999994552,3
11836.300144847296906,1117.749599999995553,3
11841.298544911242061,1117.006599999993341,3
11846.297044975946847,1116.321500000005472,3
11851.295445039892002,1115.716100000005099,3
11856.293845088832313,1115.166700000001583,3
11861.292345152605776,1114.718200000002980,3
11866.290745216550931,1114.436900000000605,3
11871.289245280324394,1114.166299999997136,3
11876.287645344269549,1113.860300000000279,3
11881.286045393209861,1113.582299999994575,3
11886.284545457914646,1113.352799999993294,3
11891.282945521859801,1113.159400000004098,3
11896.281345585804956,1112.996899999998277,3
11901.279845649578419,1112.874200000005658,3
11906.278245698518731,1112.731899999998859,3
11911.276745763223516,1112.456600000004983,3
11916.275145827168672,1112.228300000002491,3
11921.273545891113827,1112.019299999999930,3
11926.272045954887290,1111.785000000003492,3
11931.270446003827601,1111.538599999999860,3
11936.268846067772756,1111.323300000003655,3
11941.267346131546219,1110.985499999995227,3
11946.265746195491374,1110.580600000001141,3
11951.264246260196160,1110.286699999996927,3
11956.262646324141315,1110.229600000006030,3
11961.261046373081626,1110.105599999995320,3
11966.259546436855089,1109.765400000003865,3
11971.257946500800244,1109.367100000003120,3
11976.256346564745400,1108.995500000004540,3
11981.254846629450185,1108.630600000004051,3
11986.253246678390497,1108.255399999994552,3
11991.251746742163959,1107.847599999993690,3
11996.250146806109115,1107.388399999996182,3
12001.248546870054270,1106.914199999999255,3
12006.247046933827733,1106.451600000000326,3
12011.245446982768044,1106.014100000000326,3
12016.243847047644522,1105.570300000006682,3
12021.242347111417985,1105.055500000002212,3
12026.240747175363140,1104.372600000002421,3
12031.239247239136603,1103.672000000005937,3
12036.237647288076914,1102.950200000006589,3
12041.236047352022069,1102.360400000005029,3
12046.234547416726855,1102.195399999996880,3
12051.232947480672010,1102.060100000002421,3
12056.231347544617165,1101.847699999998440,3
12061.229847608390628,1101.556299999996554,3
12066.228247657330940,1101.243000000002212,3
12071.226747721104402,1100.877900000006775,3
12076.225147785049558,1100.456300000005285,3
12081.223547848994713,1100.004499999995460,3
12086.222047913699498,1099.561000000001513,3
12091.220447962639810,1099.058000000004540,3
12096.218848026584965,1098.397700000001350,3
12101.217348090358428,1097.619300000005751,3
12106.215748154303583,1097.092900000003283,3
12111.214248219008368,1096.590200000006007,3
12116.212648267948680,1096.056599999996251,3
12121.211048331893835,1095.526599999997416,3
12126.209548395667298,1095.125299999999697,3
12131.207948459612453,1094.746700000003329,3
12136.206348523557608,1094.375400000004447,3
12141.204848572326227,1094.002999999996973,3
12146.203248636271383,1093.690300000002026,3
12151.201748700976168,1093.389400000000023,3
12156.200148764921323,1093.092699999993783,3
12161.198548828866478,1092.831600000004983,3
12166.197048892639941,1092.657699999996112,3
12171.195448941580253,1092.541700000001583,3
12176.193849005525408,1092.446400000000722,3
12181.192349070230193,1092.418699999994715,3
12186.190749134175348,1092.367299999998068,3
12191.189249197948811,1092.088300000003073,3
12196.187649246889123,1091.859599999996135,3
12201.186049310834278,1091.656799999997020,3
12206.184549374607741,1091.460600000005797,3
12211.182949438552896,1091.238400000002002,3
12216.181349503429374,1090.970499999995809,3
12221.179849552197993,1090.750299999999697,3
12226.178249616143148,1090.525999999998021,3
12231.176749679916611,1089.965299999996205,3
12236.175149743861766,1089.306100000001607,3
12241.173549807806921,1088.607300000003306,3
12246.172049872511707,1087.878500000006170,3
12251.170449921452018,1087.358900000006543,3
12256.168849985397173,1087.486499999999069,3
12261.167350049170636,1087.660799999997835,3
12266.165750113115791,1087.812099999995553,3
12271.164250176889254,1087.948300000003655,3
12276.162650225829566,1088.072199999995064,3
12281.161050289774721,1088.160300000003190,3
12286.159550354479506,1088.228400000007241,3
12291.157950418424662,1088.292600000000675,3
12296.156350482369817,1088.314899999997579,3
12301.154850531138436,1088.216199999995297,3
12306.153250595083591,1087.991899999993620,3
12311.151750659788377,1087.365499999999884,3
12316.150150723733532,1086.877999999996973,3
12321.148550787678687,1086.425900000002002,3
12326.147050836447306,1085.795599999997648,3
12331.145450900392461,1085.307199999995646,3
12336.143850964337616,1084.995299999995041,3
12341.142351028111079,1084.851299999994808,3
12346.140751092056234,1084.684299999993527,3
12351.139251156761020,1084.355599999995320,3
12356.137651205701331,1084.136299999998300,3
12361.136051269646487,1083.956399999995483,3
12366.134551333419950,1083.800799999997253,3
12371.132951397365105,1083.668699999994715,3
12376.131351461310260,1083.483399999997346,3
12381.129851511010202,1083.156000000002678,3
12386.128251574955357,1082.914399999994203,3
12391.126751638728820,1082.736199999999371,3
12396.125151702673975,1082.588199999998324,3
12401.123551766619130,1082.454299999997602,3
12406.122051815387749,1082.302400000000489,3
12411.120451879332904,1082.134600000004866,3
12416.118851944209382,1081.955499999996391,3
12421.117352007982845,1081.784599999999045,3
12426.115752071928000,1081.630999999993946,3
12431.114252120696619,1081.481899999998859,3
12436.112652184641775,1081.296300000001793,3
12441.111052248586930,1081.001999999993131,3
12446.109552313291715,1080.524900000003981,3
12451.107952377236870,1080.044500000003609,3
12456.106352441182025,1079.657900000005611,3
12461.104852489950645,1079.367100000003120,3
12466.103252553895800,1079.136499999993248,3
12471.101752617669263,1078.967199999999139,3
12476.100152681614418,1078.868300000001909,3
12481.098552745559573,1078.778800000000047,3
12486.097052795259515,1078.675700000007055,3
12491.095452859204670,1078.596699999994598,3
12496.093852923149825,1078.640400000003865,3
12501.092352986923288,1078.673999999999069,3
12506.090753050868443,1078.702199999999721,3
12511.089253100568385,1078.749800000005052,3
12516.087653164513540,1078.891300000002957,3
12521.086053228458695,1079.152700000006007,3
12526.084553292232158,1079.229900000005728,3
12531.082953356177313,1079.290900000007241,3
12536.081353405117625,1079.271200000002864,3
12541.079853468891088,1079.281400000007125,3
12546.078253532836243,1079.339200000002165,3
12551.076753597541028,1079.403800000000047,3
12556.075153661486183,1079.403300000005402,3
12561.073553725431339,1079.380199999999604,3
12566.072053774199958,1079.349700000006123,3
12571.070453838145113,1079.276800000006915,3
12576.068853902090268,1079.202699999994365,3
12581.067353966795054,1078.994200000001001,3
12586.065754030740209,1078.808600000003935,3
12591.064254079508828,1078.616500000003725,3
12596.062654143453983,1078.450599999996484,3
12601.061054207399138,1078.337899999998626,3
12606.059554271172601,1078.312300000005052,3
12611.057954335117756,1078.390199999994365,3
12616.056354384989390,1078.470600000000559,3
12621.054854448762853,1078.437000000005355,3
12626.053254512708008,1078.374100000000908,3
12631.051754576481471,1078.221600000004400,3
12636.050154640426626,1077.957599999994272,3
12641.048554689366938,1078.000000000000000,3
12646.047054754071723,1078.088000000003376,3
12651.045454818016879,1078.298899999994319,3
12656.043854881962034,1078.428700000004028,3
12661.042354945735497,1078.524600000004284,3
12666.040755009680652,1078.545400000002701,3
12671.039255058449271,1078.408400000000256,3
12676.037655122394426,1078.279899999994086,3
12681.036055186339581,1078.155799999993178,3
12686.034555251044367,1078.013999999995576,3
12691.032955314989522,1077.854500000001281,3
12696.031355363929833,1077.700299999996787,3
12701.029855427703296,1077.575800000005984,3
12706.028255491648451,1077.487099999998463,3
12711.026755556353237,1077.401299999997718,3
12716.025155620298392,1077.219100000002072,3
12721.023555669238704,1076.822899999999208,3
12726.022055733012166,1076.387400000006892,3
12731.020455796957322,1075.978799999997136,3
12736.018855860902477,1075.537299999996321,3
12741.017355924675940,1074.845400000005611,3
12746.015755988621095,1074.183900000003632,3
12751.014256038321037,1073.642800000001444,3
12756.012656102266192,1073.338399999993271,3
12761.011056166211347,1073.086599999995087,3
12766.009556229984810,1072.820999999996275,3
12771.007956293929965,1072.500499999994645,3
12776.006356342870276,1072.162599999996019,3
12781.004856407575062,1071.810299999997369,3
12786.003256471520217,1071.499100000000908,3
12791.001756535293680,1071.226299999994808,3
12796.000156599238835,1071.016099999993457,3
12800.998556648179147,1070.883300000001327,3
12805.997056711952609,1070.825500000006286,3
12810.995456775897765,1070.852100000003702,3
12815.993856840774242,1071.003400000001420,3
12820.992356904547705,1071.109800000005635,3
12825.990756953488017,1070.780700000002980,3
12830.989257017261480,1070.415200000003097,3
12835.987657081206635,1070.116099999999278,3
12840.986057145151790,1069.949299999992945,3
12845.984557209856575,1069.955100000006496,3
12850.982957273801730,1070.050099999993108,3
12855.981357322742042,1069.998300000006566,3
12860.979857386515505,1070.082699999999022,3
12865.978257450460660,1070.278200000000652,3
12870.976757514234123,1070.547900000005029,3
12875.975157578179278,1070.869600000005448,3
12880.973557627119590,1071.236199999999371,3
12885.972057691824375,1071.548399999999674,3
12890.970457755769530,1071.524799999999232,3
12895.968857819714685,1071.545899999997346,3
12900.967357883488148,1071.620299999995041,3
12905.965757932428460,1071.691300000005867,3
12910.964257997133245,1071.728499999997439,3
12915.962658061078400,1071.817500000004657,3
12920.961058125023555,1072.055999999996857,3
12925.959558188797018,1072.294999999998254,3
12930.957958237737330,1072.526100000002771,3
12935.956358301682485,1072.745999999999185,3
12940.954858365455948,1072.937699999994948,3
12945.953258429401103,1073.061900000000605,3
12950.951758494105889,1073.185100000002421,3
12955.950158558051044,1073.315199999997276,3
12960.948558606991355,1073.446299999995972,3
12965.947058670764818,1073.580900000000838,3
12970.945458734709973,1073.714500000001863,3
12975.943858798655128,1073.833799999993062,3
12980.942358863359914,1073.916100000002189,3
12985.940758912300225,1073.925000000002910,3
12990.939258976073688,1073.876999999993131,3
12995.937659040018843,1073.845000000001164,3
13000.936059103963998,1073.815499999996973,3
13005.934559167737461,1073.788499999995111,3
13010.932959216677773,1073.765499999994063,3
13015.931359281554251,1073.738400000002002,3
13020.929859345327714,1073.674899999998161,3
13025.928259409272869,1073.530299999998533,3
13030.926759473046332,1073.350699999995413,3
13035.925159521986643,1073.206300000005285,3
13040.923559585931798,1073.093900000007125,3
13045.922059650636584,1072.980599999995320,3
13050.920459714581739,1072.822400000004563,3
13055.918859778526894,1072.555200000002515,3
13060.917359842300357,1072.057199999995646,3
13065.915759891240668,1071.597399999998743,3
13070.914259955014131,1071.278900000004796,3
13075.912660018959286,1071.271200000002864,3
13080.911060082904442,1071.306500000006054,3
13085.909560147609227,1071.345300000000861,3
13090.907960196549539,1071.385500000003958,3
13095.906360260494694,1071.442599999994854,3
13100.904860324268157,1071.532000000006519,3
13105.903260388213312,1071.655799999993178,3
13110.901760452918097,1071.760999999998603,3
13115.900160501858409,1071.755399999994552,3
13120.898560565803564,1071.722599999993690,3
13125.897060629577027,1071.189700000002631,3
13130.895460693522182,1070.710099999996601,3
13135.893860757467337,1070.286900000006426,3
13140.892360806235956,1069.986300000004121,3
13145.890760870181111,1069.960000000006403,3
13150.889260934885897,1069.948399999993853,3
13155.887660998831052,1069.880099999994854,3
13160.886061062776207,1069.746100000003935,3
13165.884561126549670,1069.552700000000186,3
13170.882961175489982,1069.309099999998580,3
13175.881361239435137,1069.049700000003213,3
13180.879861304139922,1068.896800000002258,3
13185.878261368085077,1068.939299999998184,3
13190.876761431858540,1069.013500000000931,3
13195.875161480798852,1069.145000000004075,3
13200.873561544744007,1069.398199999995995,3
13205.872061608517470,1069.786699999996927,3
13210.870461672462625,1069.804900000002817,3
13215.868861737339103,1069.670899999997346,3
13220.867361786107722,1069.565100000007078,3
13225.865761850052877,1069.487299999993411,3
13230.864261913826340,1069.349100000006729,3
13235.862661977771495,1069.235899999999674,3
13240.861062041716650,1068.968900000007125,3
13245.859562106421436,1068.806700000001001,3
13250.857962155361747,1068.786800000001676,3
13255.856362219306902,1068.872799999997369,3
13260.854862283080365,1068.599300000001676,3
13265.853262347025520,1068.486499999999069,3
13270.851762410798983,1068.427999999999884,3
13275.850162459739295,1068.346600000004400,3
13280.848562523684450,1068.294500000003609,3
13285.847062588389235,1068.288100000005215,3
13290.845462652334390,1068.361099999994622,3
13295.843862716279546,1068.575599999996484,3
13300.842362765048165,1068.363400000002002,3
13305.840762828993320,1068.149900000003981,3
13310.839262893698105,1068.090200000006007,3
13315.837662957643261,1068.298599999994622,3
13320.836063021588416,1068.517000000007101,3
13325.834563070357035,1068.619699999995646,3
13330.832963134302190,1068.353199999997742,3
13335.831363198247345,1068.083799999993062,3
13340.829863262020808,1067.993000000002212,3
13345.828263325965963,1068.286999999996624,3
13350.826763390670749,1068.633799999995972,3
13355.825163439611060,1068.838099999993574,3
13360.823563503556215,1069.130300000004354,3
13365.822063567329678,1069.495699999999488,3
13370.820463631274833,1069.805999999996857,3
13375.818863695219989,1069.773900000000140,3
13380.817363744919930,1069.741599999993923,3
13385.815763808865086,1069.720400000005611,3
13390.814263872638548,1069.695500000001630,3
13395.812663936583704,1069.649699999994482,3
13400.811064000528859,1069.566099999996368,3
13405.809564049297478,1069.434599999993225,3
13410.807964113242633,1069.257500000006985,3
13415.806364178119111,1069.069600000002538,3
13420.804864241892574,1069.028699999995297,3
13425.803264305837729,1069.403000000005704,3
13430.801764354606348,1069.850399999995716,3
13435.800164418551503,1070.271800000002258,3
13440.798564482496658,1070.614100000006147,3
13445.797064547201444,1070.813500000003842,3
13450.795464611146599,1070.974300000001676,3
13455.793864675091754,1071.139100000000326,3
13460.792364723860373,1071.346499999999651,3
13465.790764787805529,1071.584900000001653,3
13470.789264851578992,1071.539600000003702,3
13475.787664915524147,1071.478400000007241,3
13480.786064979469302,1071.423399999999674,3
13485.784565029169244,1071.381599999993341,3
13490.782965093114399,1071.351899999994203,3
13495.781365157059554,1071.332599999994272,3
13500.779865220833017,1071.324099999997998,3
13505.778265284778172,1071.317299999995157,3
13510.776765334478114,1071.282500000001164,3
13515.775165398423269,1071.235899999999674,3
13520.773565462368424,1071.159100000004400,3
13525.772065526141887,1071.083299999998417,3
13530.770465590087042,1071.070000000006985,3
13535.768865639027354,1071.074699999997392,3
13540.767365702800817,1071.086500000004889,3
13545.765765766745972,1071.094200000006822,3
13550.764265831450757,1071.067899999994552,3
13555.762665895395912,1070.976200000004610,3
13560.761065959341067,1070.888099999996484,3
13565.759566008109687,1070.842600000003586,3
13570.757966072054842,1070.847099999999045,3
13575.756366135999997,1070.912800000005518,3
13580.754866200704782,1071.121599999998580,3
13585.753266264649938,1071.304900000002817,3
13590.751766313418557,1071.256800000002841,3
13595.750166377363712,1071.207599999994272,3
13600.748566441308867,1071.166400000001886,3
13605.747066505082330,1071.083899999997811,3
13610.745466569027485,1071.003500000006170,3
13615.743866618899119,1070.949699999997392,3
13620.742366682672582,1070.941200000001118,3
13625.740766746617737,1070.968900000007125,3
13630.739266810391200,1070.901700000002165,3
13635.737666874336355,1070.860400000005029,3
13640.736066923276667,1070.879000000000815,3
13645.734566987981452,1070.893299999996088,3
13650.732967051926607,1070.614300000001094,3
13655.731367115871763,1070.341400000004796,3
13660.729867179645225,1069.820000000006985,3
13665.728267243590381,1069.383700000005774,3
13670.726767292359000,1069.069600000002538,3
13675.725167356304155,1068.873600000006263,3
13680.723567420249310,1068.774300000004587,3
13685.722067484954096,1068.710000000006403,3
13690.720467548899251,1068.609700000000885,3
13695.718867597839562,1068.499500000005355,3
13700.717367661613025,1068.386799999992945,3
13705.715767725558180,1068.267099999997299,3
13710.714267790262966,1068.136799999992945,3
13715.712667854208121,1068.007100000002538,3
13720.711067903148432,1067.925799999997253,3
13725.709567966921895,1067.987099999998463,3
13730.707968030867050,1068.195500000001630,3
13735.706368094812206,1068.162299999996321,3
13740.704868158585668,1068.089600000006612,3
13745.703268222530824,1068.013000000006286,3
13750.701768272230765,1067.915999999997439,3
13755.700168336175921,1067.780100000003586,3
13760.698568400121076,1067.621400000003632,3
13765.697068463894539,1067.453899999993155,3
13770.695468527839694,1067.284499999994296,3
13775.693868576780005,1067.116599999993923,3
13780.692368641484791,1066.954800000006799,3
13785.690768705429946,1066.803700000004028,3
13790.689268769203409,1066.667900000000373,3
13795.687668833148564,1066.551900000005844,3
13800.686068882088875,1066.458799999993062,3
13805.684568945862338,1066.389100000000326,3
13810.682969009807493,1066.337799999993877,3
13815.681369074683971,1066.287700000000768,3
13820.679869138457434,1066.208799999993062,3
13825.678269187397746,1066.064299999998184,3
13830.676769251171208,1065.844100000002072,3
13835.675169315116364,1065.579199999992852,3
13840.673569379061519,1065.300600000002305,3
13845.672069443766304,1065.029099999999744,3
13850.670469507711459,1064.767300000006799,3
13855.668869556651771,1064.457099999999627,3
13860.667369620425234,1063.954599999997299,3
13865.665769684370389,1063.445999999996275,3
13870.664269748143852,1062.950400000001537,3
13875.662669812089007,1062.454899999996996,3
13880.661069861029318,1061.941900000005262,3
13885.659569925734104,1061.389299999995274,3
13890.657969989679259,1060.771099999998114,3
13895.656370053624414,1060.067399999999907,3
13900.654870117397877,1059.302100000000792,3
13905.653270166338189,1058.646399999997811,3
13910.651770231042974,1058.461100000000442,3
13915.650170294988129,1058.399499999999534,3
13920.648570358933284,1058.384000000005472,3
13925.647070422706747,1058.366899999993620,3
13930.645470471647059,1058.336299999995390,3
13935.643870535592214,1058.368400000006659,3
13940.642370599365677,1058.654800000003888,3
13945.640770663310832,1058.960099999996601,3
13950.639270728015617,1059.057799999995041,3
13955.637670791960772,1059.189700000002631,3
13960.636070840901084,1059.259799999999814,3
13965.634570904674547,1058.997399999992922,3
13970.632970968619702,1058.603099999992992,3
13975.631371032564857,1057.951799999995274,3
13980.629871097269643,1057.406900000001770,3
13985.628271146209954,1056.972099999999045,3
13990.626771209983417,1056.868100000006962,3
13995.625171273928572,1056.710500000001048,3
14000.623571337873727,1056.472699999998440,3
14005.622071401647190,1056.137199999997392,3
14010.620471450587502,1055.807899999999790,3
14015.618871515463979,1056.045499999992899,3
14020.617371579237442,1056.164199999999255,3
14025.615771643182597,1056.198300000003655,3
14030.614271706956060,1056.138600000005681,3
14035.612671755896372,1055.920599999997648,3
14040.611071819841527,1055.639100000000326,3
14045.609571884546313,1055.366800000003423,3
14050.607971948491468,1055.146599999992759,3
14055.606372012436623,1054.637300000002142,3
14060.604872076210086,1054.188500000003842,3
14065.603272125150397,1053.788199999995413,3
14070.601772188923860,1053.436499999996158,3
14075.600172252869015,1053.144499999994878,3
14080.598572316814170,1052.942100000000210,3
14085.597072381518956,1052.886899999997695,3
14090.595472430459267,1053.014699999999721,3
14095.593872494404422,1053.058499999999185,3
14100.592372558177885,1052.571599999995669,3
14105.590772622123040,1052.096600000004400,3
14110.589272686827826,1051.784100000004400,3
14115.587672735768137,1051.574600000007194,3
14120.586072799713293,1051.431200000006356,3
14125.584572863486756,1051.253299999996671,3
14130.582972927431911,1050.605800000004820,3
14135.581372991377066,1050.135099999999511,3
14140.579873040145685,1049.741999999998370,3
14145.578273104090840,1049.351299999994808,3
14150.576773168795626,1048.933600000003935,3
14155.575173232740781,1048.590299999996205,3
14160.573573296685936,1048.240399999995134,3
14165.572073360459399,1047.852299999998650,3
14170.570473409399710,1047.436100000006263,3
14175.568873473344865,1047.034700000003795,3
14180.567373538049651,1046.743900000001304,3
14185.565773601994806,1046.463799999997718,3
14190.564273665768269,1046.290200000003097,3
14195.562673714708581,1046.360000000000582,3
14200.561073778653736,1046.382800000006682,3
14205.559573842427199,1046.126799999998184,3
14210.557973906372354,1045.732699999993201,3
14215.556373971248831,1044.977700000003097,3
14220.554874020017451,1044.239700000005541,3
14225.553274083962606,1043.922699999995530,3
14230.551774147736069,1043.855899999995017,3
14235.550174211681224,1043.785999999992782,3
14240.548574275626379,1043.546000000002095,3
14245.547074340331164,1043.277199999996810,3
14250.545474389271476,1043.001099999994040,3
14255.543874453216631,1042.713699999992969,3
14260.542374516990094,1042.403300000005402,3
14265.540774580935249,1042.081099999995786,3
14270.539274644708712,1041.745999999999185,3
14275.537674693649024,1041.410099999993690,3
14280.536074757594179,1041.078099999998813,3
14285.534574822298964,1040.760200000004261,3
14290.532974886244119,1040.475900000004913,3
14295.531374950189274,1040.244099999996251,3
14300.529874998957894,1040.064799999992829,3
14305.528275062903049,1039.836400000000140,3
14310.526775127607834,1039.557899999999790,3
14315.525175191552989,1039.365499999999884,3
14320.523575255498145,1039.194799999997485,3
14325.522075304266764,1038.452199999999721,3
14330.520475368211919,1037.800399999992806,3
14335.518875432157074,1037.239700000005541,3
14340.517375495930537,1036.725500000000466,3
14345.515775559875692,1036.184899999992922,3
14350.514275624580478,1035.482600000003004,3
14355.512675673520789,1034.834099999992759,3
14360.511075737465944,1034.273400000005495,3
14365.509575801239407,1033.779099999999744,3
14370.507975865184562,1033.329199999992852,3
14375.506375929129717,1032.911800000001676,3
14380.504875978829659,1032.523499999995693,3
14385.503276042774814,1032.166800000006333,3
14390.501776106548277,1031.846799999999348,3
14395.500176170493432,1031.562399999995250,3
14400.498576234438588,1031.285900000002584,3
14405.497076283207207,1030.955199999996694,3
14410.495476347152362,1030.634999999994761,3
14415.493876412028840,1030.324999999997090,3
14420.492376475802303,1029.980999999999767,3
14425.490776539747458,1029.650699999998324,3
14430.489276588516077,1029.024399999994785,3
14435.487676652461232,1028.520300000003772,3
14440.486076716406387,1028.142399999996996,3
14445.484576781111173,1027.840899999995600,3
14450.482976845056328,1027.458799999993062,3
14455.481376909001483,1026.679300000003423,3
14460.479876957770102,1025.987999999997555,3
14465.478277021715257,1025.317599999994854,3
14470.476777085488720,1024.670100000003004,3
14475.475177149433875,1024.062900000004447,3
14480.473577213379031,1023.552400000000489,3
14485.472077263078972,1023.067699999999604,3
14490.470477327024128,1022.570699999996577,3
14495.468877390969283,1022.108800000001793,3
14500.467377454742746,1021.688999999998487,3
14505.465777518687901,1021.251399999993737,3
14510.464277568387843,1020.622700000007171,3
14515.462677632332998,1019.967999999993481,3
14520.461077696278153,1019.307499999995343,3
14525.459577760051616,1018.653699999995297,3
14530.457977823996771,1018.013300000005984,3
14535.456377872937082,1017.388000000006286,3
14540.454877936710545,1016.777300000001560,3
14545.453278000655700,1016.180300000007264,3
14550.451778065360486,1015.597500000003492,3
14555.450178129305641,1015.033599999995204,3
14560.448578193250796,1014.484500000005937,3
14565.447078242019415,1013.875599999999395,3
14570.445478305964571,1013.350099999996019,3
14575.443878369909726,1012.866500000003725,3
14580.442378434614511,1012.399300000004587,3
14585.440778498559666,1011.940300000002026,3
14590.439278547328286,1011.483500000002095,3
14595.437678611273441,1011.011799999992945,3
14600.436078675218596,1010.505199999999604,3
14605.434578738992059,1009.999899999995250,3
14610.432978802937214,1009.480700000000070,3
14615.431378852808848,1008.838300000003073,3
14620.429878916582311,1008.255199999999604,3
14625.428278980527466,1007.732000000003609,3
14630.426779044300929,1007.201199999995879,3
14635.425179108246084,1006.658699999999953,3
14640.423579157186396,1006.099600000001374,3
14645.422079221891181,1005.515199999994365,3
14650.420479285836336,1004.895600000003469,3
14655.418879349781491,1004.242599999997765,3
14660.417379413554954,1003.598400000002584,3
14665.415779477500109,1002.928799999994226,3
14670.414279526268729,1002.291500000006636,3
14675.412679590213884,1001.827799999999115,3
14680.411079654159039,1001.379400000005262,3
14685.409579718863824,1000.880300000004354,3
14690.407979782808980,1000.287200000006123,3
14695.406379831749291,999.645199999999022,3
14700.404879895522754,998.972899999993388,3
14705.403279959467909,998.262000000002445,3
14710.401780024172695,997.491399999998976,3
14715.400180088117850,996.650800000003073,3
14720.398580137058161,995.729800000000978,3
14725.397080200831624,994.738899999996647,3
14730.395480264776779,993.771699999997509,3
14735.393880328721934,993.101200000004610,3
14740.392380392495397,992.437600000004750,3
14745.390780441435709,991.737899999992806,3
14750.389280506140494,991.070699999996577,3
14755.387680570085649,990.606400000004214,3
14760.386080634030805,990.187600000004750,3
14765.384580697804267,989.777300000001560,3
14770.382980761749423,989.355100000000675,3
14775.381380810689734,988.855200000005425,3
14780.379880875394520,988.324999999997090,3
14785.378280939339675,987.792300000000978,3
14790.376781003113138,987.296100000006845,3
14795.375181067058293,986.934999999997672,3
14800.373581115998604,986.918399999995017,3
14805.372081179772067,986.945699999996577,3
14810.370481243717222,985.533599999995204,3
14815.368881308593700,984.254000000000815,3
14820.367381372367163,983.016099999993457,3
14825.365781421307474,981.870800000004238,3
14830.364281485080937,980.781000000002678,3
14835.362681549026092,979.727100000003702,3
14840.361081612971248,978.725099999996019,3
14845.359581677676033,977.846900000004098,3
14850.357981741621188,976.966300000000047,3
14855.356381790561500,976.062000000005355,3
14860.354881854334963,975.136400000003050,3
14865.353281918280118,974.205100000006496,3
14870.351781982053581,973.277300000001560,3
14875.350182045998736,972.354800000000978,3
14880.348582094939047,971.433300000004238,3
14885.347082159643833,970.499800000005052,3
14890.345482223588988,969.527100000006612,3
14895.343882287534143,968.487599999993108,3
14900.342382351307606,967.405199999993783,3
14905.340782400247917,966.304799999998068,3
14910.339282464952703,965.208599999998114,3
14915.337682528897858,964.143800000005285,3
14920.336082592843013,963.115000000005239,3
14925.334582656616476,962.218399999997928,3
14930.332982705556788,961.657500000001164,3
14935.331382769501943,961.184599999993225,3
14940.329882833275406,960.689400000002934,3
14945.328282897220561,960.130300000004354,3
14950.326782961925346,959.512100000007194,3
14955.325183025870501,958.861099999994622,3
14960.323583074810813,958.245500000004540,3
14965.322083138584276,957.655799999993178,3
14970.320483202529431,956.561000000001513,3
14975.318883266474586,955.548299999994924,3
14980.317383331179371,954.642600000006496,3
14985.315783380119683,953.914699999993900,3
14990.314283443893146,953.212400000003981,3
14995.312683507838301,952.475800000000163,3
15000.311083571783456,951.716400000004796,3
15005.309583635556919,950.678599999999278,3
15010.307983684497231,949.676900000005844,3
15015.306383749373708,948.718399999997928,3
15020.304883813147171,947.790900000007241,3
15025.303283877092326,946.890100000004168,3
15030.301783940865789,946.021099999998114,3
15035.300183989806101,945.176300000006449,3
15040.298584053751256,944.235700000004726,3
15045.297084118456041,943.334300000002258,3
15050.295484182401196,942.468699999997625,3
15055.293884246346352,941.613400000002002,3
15060.292384310119814,940.723100000002887,3
15065.290784359060126,939.740699999994831,3
15070.289284422833589,938.771800000002258,3
15075.287684486778744,937.840599999995902,3
15080.286084550723899,936.894899999999325,3
15085.284584615428685,935.827399999994668,3
15090.282984664368996,934.767900000006193,3
15095.281384728314151,933.772400000001653,3
15100.279884792087614,932.840500000005704,3
15105.278284856032769,931.903999999994994,3
15110.276784920737555,931.011100000003353,3
15115.275184969677866,930.144599999999627,3
15120.273585033623021,929.269700000004377,3
15125.272085097396484,928.337899999998626,3
15130.270485161341639,927.372799999997369,3
15135.268885225286795,926.402000000001863,3
15140.267385274055414,925.440700000006473,3
15145.265785338000569,924.495399999999790,3
15150.264285402705354,923.568899999998393,3
15155.262685466650510,922.662700000000768,3
15160.261085530595665,921.778000000005704,3
15165.259585594369128,920.916899999996531,3
15170.257985643309439,920.080799999996088,3
15175.256385707254594,919.267600000006496,3
15180.254885771959380,918.460800000000745,3
15185.253285835904535,917.616800000003423,3
15190.251785899677998,916.676500000001397,3
15195.250185948618309,915.525200000003679,3
15200.248586012563464,914.311600000000908,3
15205.247086076336927,913.117800000007264,3
15210.245486140282082,911.974900000001071,3
15215.243886205158560,910.896999999997206,3
15220.242386253927179,909.896500000002561,3
15225.240786317872335,908.990300000004936,3
15230.239286381645798,908.199200000002747,3
15235.237686445590953,907.472299999993993,3
15240.236086509536108,906.192200000004959,3
15245.234586574240893,904.989100000006147,3
15250.232986623181205,903.862999999997555,3
15255.231386687126360,902.778999999994994,3
15260.229886750899823,901.715200000006007,3
15265.228286814844978,900.659700000003795,3
15270.226786878618441,899.606100000004517,3
15275.225186927558752,898.551399999996647,3
15280.223586991503907,897.494099999996251,3
15285.222087056208693,896.433900000003632,3
15290.220487120153848,895.370999999999185,3
15295.218887184099003,894.305800000001909,3
15300.217387232867623,893.239499999996042,3
15305.215787296812778,892.172800000000279,3
15310.214287361517563,891.107199999998556,3
15315.212687425462718,890.043999999994412,3
15320.211087489407873,888.984700000000885,3
15325.209587538176493,887.930600000006962,3
15330.207987602121648,886.883300000001327,3
15335.206387666066803,885.844200000006822,3
15340.204887729840266,884.815100000007078,3
15345.203287793785421,883.798299999994924,3
15350.201787858490206,882.796900000001187,3
15355.200187907430518,881.813299999994342,3
15360.198587971375673,880.848299999997835,3
15365.197088035149136,879.931500000006054,3
15370.195488099094291,879.096099999995204,3
15375.193888163039446,878.292700000005425,3
15380.192388212739388,876.731199999994715,3
15385.190788276684543,875.233500000002095,3
15390.189288340458006,873.811600000000908,3
15395.187688404403161,872.427800000004936,3
15400.186088468348316,871.058499999999185,3
15405.184588517116936,869.700400000001537,3
15410.182988581062091,868.354399999996531,3
15415.181388645938569,867.021999999997206,3
15420.179888709712031,865.704500000007101,3
15425.178288773657187,864.402900000000955,3
15430.176788822425806,863.113800000006449,3
15435.175188886370961,861.823300000003655,3
15440.173588950316116,860.504300000000512,3
15445.172089015020902,859.147299999996903,3
15450.170489078966057,857.819399999993038,3
15455.168889142911212,856.498200000001816,3
15460.167389191679831,855.182899999999790,3
15465.165789255624986,853.901199999992969,3
15470.164289319398449,852.723199999993085,3
15475.162689383343604,851.795299999997951,3
15480.161089447288759,851.025200000003679,3
15485.159589496988701,849.862500000002910,3
15490.157989560933856,848.555399999997462,3
15495.156389624879012,847.332699999999022,3
15500.154889688652474,846.245299999995041,3
15505.153289752597630,845.320800000001327,3
15510.151789802297571,844.503299999996671,3
15515.150189866242727,842.841700000004494,3
15520.148589930187882,841.313299999994342,3
15525.147089993961345,839.933699999994133,3
15530.145490057906500,838.699500000002445,3
15535.143890106846811,837.637300000002142,3
15540.142390170620274,836.586200000005192,3
15545.140790234565429,835.441800000000512,3
15550.139290299270215,834.250899999999092,3
15555.137690363215370,833.046400000006543,3
15560.136090427160525,831.840400000000955,3
15565.134590475929144,830.635699999998906,3
15570.132990539874299,829.432400000005146,3
15575.131390603819455,828.230599999995320,3
15580.129890668524240,827.031400000007125,3
15585.128290732469395,825.835000000006403,3
15590.126790781238014,824.624700000000303,3
15595.125190845183170,823.334000000002561,3
15600.123590909128325,822.038000000000466,3
15605.122090972901788,820.755900000003749,3
15610.120491036846943,819.487500000002910,3
15615.118891086718577,818.217199999999139,3
15620.117391150492040,816.890400000003865,3
15625.115791214437195,815.392800000001444,3
15630.114291278210658,813.839500000001863,3
15635.112691342155813,812.292700000005425,3
15640.111091391096124,810.809299999993527,3
15645.109591455800910,809.466000000000349,3
15650.107991519746065,808.187099999995553,3
15655.106391583691220,806.935500000006869,3
15660.104891647464683,805.697799999994459,3
15665.103291711409838,804.430900000006659,3
15670.101791760178457,803.098800000007031,3
15675.100191824123613,801.718599999992875,3
15680.098591888068768,800.312600000004750,3
15685.097091952773553,798.893200000005891,3
15690.095492016718708,797.460000000006403,3
15695.093892065659020,795.994300000005751,3
15700.092392129432483,794.460099999996601,3
15705.090792193377638,792.908699999999953,3
15710.089292258082423,791.406300000002375,3
15715.087692322027578,790.068299999998999,3
15720.086092370967890,788.755999999993946,3
15725.084592434741353,787.415699999997742,3
15730.082992498686508,786.033500000005006,3
15735.081392562631663,784.593399999997928,3
15740.079892626405126,783.073900000003050,3
15745.078292690350281,781.501999999993131,3
15750.076792740050223,779.903500000000349,3
15755.075192803995378,778.292900000000373,3
15760.073592867940533,776.676399999996647,3
15765.072092931713996,775.057600000000093,3
15770.070492995659151,773.441699999995762,3
15775.068893044599463,771.834600000001956,3
15780.067393109304248,770.240000000005239,3
15785.065793173249403,768.657699999996112,3
15790.064293237022866,767.085900000005495,3
15795.062693300968022,765.531600000002072,3
15800.061093349908333,764.030899999997928,3
15805.059593413681796,762.633900000000722,3
15810.057993477626951,761.314400000002934,3
15815.056393542503429,760.056299999996554,3
15820.054893606276892,758.844599999996717,3
15825.053293655217203,757.637400000006892,3
15830.051793718990666,756.223199999993085,3
15835.050193782935821,754.317500000004657,3
15840.048593846880976,752.367100000003120,3
15845.047093911585762,750.650800000003073,3
15850.045493975530917,748.989400000005844,3
15855.043894024471228,747.327799999999115,3
15860.042394088244691,745.607099999993807,3
15865.040794152189846,743.882899999996880,3
15870.039294215963309,742.151800000006915,3
15875.037694279908465,740.384500000000116,3
15880.036094328848776,738.543300000004820,3
15885.034594393553562,736.619999999995343,3
15890.032994457498717,734.709499999997206,3
15895.031394521443872,732.808000000004540,3
15900.029894585217335,730.585500000001048,3
15905.028294634157646,728.420800000007148,3
15910.026794698862432,726.363800000006449,3
15915.025194762807587,724.409299999999348,3
15920.023594826752742,722.365499999999884,3
15925.022094890526205,720.675600000002305,3
15930.020494939466516,719.146599999992759,3
15935.018895003411671,717.648900000000140,3
15940.017395067185134,716.494600000005448,3
15945.015795131130290,715.409100000004400,3
15950.014295195835075,714.264999999999418,3
15955.012695259780230,713.042199999996228,3
15960.011095308720542,711.775800000003073,3
15965.009595372494005,710.573499999998603,3
15970.007995436439160,709.729900000005728,3
15975.006395500384315,709.007400000002235,3
15980.004895565089100,708.377399999997579,3
15985.003295614029412,707.876799999998184,3
15990.001795677802875,707.547600000005332,3
15995.000195741748030,707.415299999993294,3
